Voltage (V),Current (A),Temperature (°C),Power (W),Humidity (%),Vibration (m/s²),Repair Time (hrs),Maintenance Costs (USD),Ambient Temperature (°C),Ambient Humidity (%),X,Y,Z,Predictive Maintenance Trigger,Timestamp,Fault Detected
0.0,0.0,0.0,0.0,0.0,0.0,0.5555555555555556,0.0,0.0,0.0,0.0,0.0,0.0,1.0,2024-01-01 00:00:00,
0.11111111111111072,0.25,0.11111111111111072,0.222648752399232,0.11111111111111072,0.25,0.0,0.11111111111111116,0.25,0.25,0.010101010101010102,0.02040816326530612,0.034482758620689655,0.0,2024-01-01 01:00:00,
0.22222222222222143,0.5,0.22222222222222188,0.44913627639155473,0.22222222222222143,0.5,0.0,0.22222222222222232,0.5,0.5,0.020202020202020204,0.04081632653061224,0.06896551724137931,0.0,2024-01-01 02:00:00,
0.3333333333333339,0.75,0.33333333333333304,0.6794625719769674,0.33333333333333304,0.75,0.8888888888888888,0.33333333333333326,0.75,0.75,0.030303030303030304,0.061224489795918366,0.10344827586206896,0.0,2024-01-01 03:00:00,
0.44444444444444464,1.0,0.4444444444444442,0.9136276391554701,0.44444444444444375,1.0,0.0,0.4444444444444444,1.0,1.0,0.04040404040404041,0.08163265306122448,0.13793103448275862,1.0,2024-01-01 04:00:00,
0.5555555555555554,0.0,0.5555555555555554,0.04798464491362764,0.5555555555555554,0.0,0.0,0.5555555555555556,0.0,0.0,0.05050505050505051,0.1020408163265306,0.1724137931034483,0.0,2024-01-01 05:00:00,
0.6666666666666661,0.25,0.6666666666666665,0.2802303262955852,0.6666666666666661,0.25,0.6666666666666666,0.6666666666666667,0.25,0.25,0.06060606060606061,0.12244897959183673,0.20689655172413793,0.0,2024-01-01 06:00:00,
0.7777777777777786,0.5,0.7777777777777777,0.5163147792706335,0.7777777777777777,0.5,0.0,0.7777777777777779,0.5,0.5,0.07070707070707072,0.14285714285714285,0.24137931034482757,0.0,2024-01-01 07:00:00,
0.8888888888888893,0.75,0.8888888888888884,0.7562380038387717,0.8888888888888884,0.75,0.0,0.8888888888888891,0.75,0.75,0.08080808080808081,0.16326530612244897,0.27586206896551724,1.0,2024-01-01 08:00:00,
1.0,1.0,0.9999999999999996,0.9999999999999998,0.9999999999999991,1.0,1.0,1.0000000000000002,1.0,1.0,0.09090909090909091,0.18367346938775508,0.3103448275862069,0.0,2024-01-01 09:00:00,
0.0,0.0,0.0,0.0,0.0,0.0,0.0,0.0,0.0,0.0,0.10101010101010102,0.2040816326530612,0.3448275862068966,0.0,2024-01-01 10:00:00,
0.11111111111111072,0.25,0.11111111111111072,0.222648752399232,0.11111111111111072,0.25,0.0,0.11111111111111116,0.25,0.25,0.11111111111111112,0.22448979591836732,0.3793103448275862,0.0,2024-01-01 11:00:00,
0.22222222222222143,0.5,0.22222222222222188,0.44913627639155473,0.22222222222222143,0.5,0.7777777777777777,0.22222222222222232,0.5,0.5,0.12121212121212122,0.24489795918367346,0.41379310344827586,1.0,2024-01-01 12:00:00,
0.3333333333333339,0.75,0.33333333333333304,0.6794625719769674,0.33333333333333304,0.75,0.0,0.33333333333333326,0.75,0.75,0.13131313131313133,0.26530612244897955,0.4482758620689655,0.0,2024-01-01 13:00:00,
0.44444444444444464,1.0,0.4444444444444442,0.9136276391554701,0.44444444444444375,1.0,0.0,0.4444444444444444,1.0,1.0,0.14141414141414144,0.2857142857142857,0.48275862068965514,0.0,2024-01-01 14:00:00,
0.5555555555555554,0.0,0.5555555555555554,0.04798464491362764,0.5555555555555554,0.0,0.5555555555555556,0.5555555555555556,0.0,0.0,0.15151515151515152,0.3061224489795918,0.5172413793103449,0.0,2024-01-01 15:00:00,
0.6666666666666661,0.25,0.6666666666666665,0.2802303262955852,0.6666666666666661,0.25,0.0,0.6666666666666667,0.25,0.25,0.16161616161616163,0.32653061224489793,0.5517241379310345,1.0,2024-01-01 16:00:00,
0.7777777777777786,0.5,0.7777777777777777,0.5163147792706335,0.7777777777777777,0.5,0.0,0.7777777777777779,0.5,0.5,0.17171717171717174,0.3469387755102041,0.5862068965517241,0.0,2024-01-01 17:00:00,
0.8888888888888893,0.75,0.8888888888888884,0.7562380038387717,0.8888888888888884,0.75,0.8888888888888888,0.8888888888888891,0.75,0.75,0.18181818181818182,0.36734693877551017,0.6206896551724138,0.0,2024-01-01 18:00:00,
1.0,1.0,0.9999999999999996,0.9999999999999998,0.9999999999999991,1.0,0.0,1.0000000000000002,1.0,1.0,0.19191919191919193,0.3877551020408163,0.6551724137931034,0.0,2024-01-01 19:00:00,
0.0,0.0,0.0,0.0,0.0,0.0,0.0,0.0,0.0,0.0,0.20202020202020204,0.4081632653061224,0.6896551724137931,1.0,2024-01-01 20:00:00,
0.11111111111111072,0.25,0.11111111111111072,0.222648752399232,0.11111111111111072,0.25,0.6666666666666666,0.11111111111111116,0.25,0.25,0.21212121212121213,0.42857142857142855,0.7241379310344828,0.0,2024-01-01 21:00:00,
0.22222222222222143,0.5,0.22222222222222188,0.44913627639155473,0.22222222222222143,0.5,0.0,0.22222222222222232,0.5,0.5,0.22222222222222224,0.44897959183673464,0.7586206896551724,0.0,2024-01-01 22:00:00,
0.3333333333333339,0.75,0.33333333333333304,0.6794625719769674,0.33333333333333304,0.75,0.0,0.33333333333333326,0.75,0.75,0.23232323232323235,0.4693877551020408,0.7931034482758621,0.0,2024-01-01 23:00:00,
0.44444444444444464,1.0,0.4444444444444442,0.9136276391554701,0.44444444444444375,1.0,1.0,0.4444444444444444,1.0,1.0,0.24242424242424243,0.4897959183673469,0.8275862068965517,1.0,2024-01-02 00:00:00,
0.5555555555555554,0.0,0.5555555555555554,0.04798464491362764,0.5555555555555554,0.0,0.0,0.5555555555555556,0.0,0.0,0.25252525252525254,0.5102040816326531,0.8620689655172413,0.0,2024-01-02 01:00:00,
0.6666666666666661,0.25,0.6666666666666665,0.2802303262955852,0.6666666666666661,0.25,0.0,0.6666666666666667,0.25,0.25,0.26262626262626265,0.5306122448979591,0.896551724137931,0.0,2024-01-02 02:00:00,
0.7777777777777786,0.5,0.7777777777777777,0.5163147792706335,0.7777777777777777,0.5,0.7777777777777777,0.7777777777777779,0.5,0.5,0.27272727272727276,0.5510204081632653,0.9310344827586207,0.0,2024-01-02 03:00:00,
0.8888888888888893,0.75,0.8888888888888884,0.7562380038387717,0.8888888888888884,0.75,0.0,0.8888888888888891,0.75,0.75,0.2828282828282829,0.5714285714285714,0.9655172413793103,1.0,2024-01-02 04:00:00,
1.0,1.0,0.9999999999999996,0.9999999999999998,0.9999999999999991,1.0,0.0,1.0000000000000002,1.0,1.0,0.29292929292929293,0.5918367346938775,1.0,0.0,2024-01-02 05:00:00,
0.0,0.0,0.0,0.0,0.0,0.0,0.5555555555555556,0.0,0.0,0.0,0.30303030303030304,0.6122448979591836,0.0,0.0,2024-01-02 06:00:00,
0.11111111111111072,0.25,0.11111111111111072,0.222648752399232,0.11111111111111072,0.25,0.0,0.11111111111111116,0.25,0.25,0.31313131313131315,0.6326530612244897,0.034482758620689655,0.0,2024-01-02 07:00:00,
0.22222222222222143,0.5,0.22222222222222188,0.44913627639155473,0.22222222222222143,0.5,0.0,0.22222222222222232,0.5,0.5,0.32323232323232326,0.6530612244897959,0.06896551724137931,1.0,2024-01-02 08:00:00,
0.3333333333333339,0.75,0.33333333333333304,0.6794625719769674,0.33333333333333304,0.75,0.8888888888888888,0.33333333333333326,0.75,0.75,0.33333333333333337,0.673469387755102,0.10344827586206896,0.0,2024-01-02 09:00:00,
0.44444444444444464,1.0,0.4444444444444442,0.9136276391554701,0.44444444444444375,1.0,0.0,0.4444444444444444,1.0,1.0,0.3434343434343435,0.6938775510204082,0.13793103448275862,0.0,2024-01-02 10:00:00,
0.5555555555555554,0.0,0.5555555555555554,0.04798464491362764,0.5555555555555554,0.0,0.0,0.5555555555555556,0.0,0.0,0.3535353535353536,0.7142857142857142,0.1724137931034483,0.0,2024-01-02 11:00:00,
0.6666666666666661,0.25,0.6666666666666665,0.2802303262955852,0.6666666666666661,0.25,0.6666666666666666,0.6666666666666667,0.25,0.25,0.36363636363636365,0.7346938775510203,0.20689655172413793,1.0,2024-01-02 12:00:00,
0.7777777777777786,0.5,0.7777777777777777,0.5163147792706335,0.7777777777777777,0.5,0.0,0.7777777777777779,0.5,0.5,0.37373737373737376,0.7551020408163265,0.24137931034482757,0.0,2024-01-02 13:00:00,
0.8888888888888893,0.75,0.8888888888888884,0.7562380038387717,0.8888888888888884,0.75,0.0,0.8888888888888891,0.75,0.75,0.38383838383838387,0.7755102040816326,0.27586206896551724,0.0,2024-01-02 14:00:00,
1.0,1.0,0.9999999999999996,0.9999999999999998,0.9999999999999991,1.0,1.0,1.0000000000000002,1.0,1.0,0.393939393939394,0.7959183673469387,0.3103448275862069,0.0,2024-01-02 15:00:00,
0.0,0.0,0.0,0.0,0.0,0.0,0.0,0.0,0.0,0.0,0.4040404040404041,0.8163265306122448,0.3448275862068966,1.0,2024-01-02 16:00:00,
0.11111111111111072,0.25,0.11111111111111072,0.222648752399232,0.11111111111111072,0.25,0.0,0.11111111111111116,0.25,0.25,0.4141414141414142,0.836734693877551,0.3793103448275862,0.0,2024-01-02 17:00:00,
0.22222222222222143,0.5,0.22222222222222188,0.44913627639155473,0.22222222222222143,0.5,0.7777777777777777,0.22222222222222232,0.5,0.5,0.42424242424242425,0.8571428571428571,0.41379310344827586,0.0,2024-01-02 18:00:00,
0.3333333333333339,0.75,0.33333333333333304,0.6794625719769674,0.33333333333333304,0.75,0.0,0.33333333333333326,0.75,0.75,0.43434343434343436,0.8775510204081632,0.4482758620689655,0.0,2024-01-02 19:00:00,
0.44444444444444464,1.0,0.4444444444444442,0.9136276391554701,0.44444444444444375,1.0,0.0,0.4444444444444444,1.0,1.0,0.4444444444444445,0.8979591836734693,0.48275862068965514,1.0,2024-01-02 20:00:00,
0.5555555555555554,0.0,0.5555555555555554,0.04798464491362764,0.5555555555555554,0.0,0.5555555555555556,0.5555555555555556,0.0,0.0,0.4545454545454546,0.9183673469387754,0.5172413793103449,0.0,2024-01-02 21:00:00,
0.6666666666666661,0.25,0.6666666666666665,0.2802303262955852,0.6666666666666661,0.25,0.0,0.6666666666666667,0.25,0.25,0.4646464646464647,0.9387755102040816,0.5517241379310345,0.0,2024-01-02 22:00:00,
0.7777777777777786,0.5,0.7777777777777777,0.5163147792706335,0.7777777777777777,0.5,0.0,0.7777777777777779,0.5,0.5,0.4747474747474748,0.9591836734693877,0.5862068965517241,0.0,2024-01-02 23:00:00,
0.8888888888888893,0.75,0.8888888888888884,0.7562380038387717,0.8888888888888884,0.75,0.8888888888888888,0.8888888888888891,0.75,0.75,0.48484848484848486,0.9795918367346939,0.6206896551724138,1.0,2024-01-03 00:00:00,
1.0,1.0,0.9999999999999996,0.9999999999999998,0.9999999999999991,1.0,0.0,1.0000000000000002,1.0,1.0,0.494949494949495,0.9999999999999999,0.6551724137931034,0.0,2024-01-03 01:00:00,
0.0,0.0,0.0,0.0,0.0,0.0,0.0,0.0,0.0,0.0,0.5050505050505051,0.0,0.6896551724137931,0.0,2024-01-03 02:00:00,
0.11111111111111072,0.25,0.11111111111111072,0.222648752399232,0.11111111111111072,0.25,0.6666666666666666,0.11111111111111116,0.25,0.25,0.5151515151515152,0.02040816326530612,0.7241379310344828,0.0,2024-01-03 03:00:00,
0.22222222222222143,0.5,0.22222222222222188,0.44913627639155473,0.22222222222222143,0.5,0.0,0.22222222222222232,0.5,0.5,0.5252525252525253,0.04081632653061224,0.7586206896551724,1.0,2024-01-03 04:00:00,
0.3333333333333339,0.75,0.33333333333333304,0.6794625719769674,0.33333333333333304,0.75,0.0,0.33333333333333326,0.75,0.75,0.5353535353535354,0.061224489795918366,0.7931034482758621,0.0,2024-01-03 05:00:00,
0.44444444444444464,1.0,0.4444444444444442,0.9136276391554701,0.44444444444444375,1.0,1.0,0.4444444444444444,1.0,1.0,0.5454545454545455,0.08163265306122448,0.8275862068965517,0.0,2024-01-03 06:00:00,
0.5555555555555554,0.0,0.5555555555555554,0.04798464491362764,0.5555555555555554,0.0,0.0,0.5555555555555556,0.0,0.0,0.5555555555555556,0.1020408163265306,0.8620689655172413,0.0,2024-01-03 07:00:00,
0.6666666666666661,0.25,0.6666666666666665,0.2802303262955852,0.6666666666666661,0.25,0.0,0.6666666666666667,0.25,0.25,0.5656565656565657,0.12244897959183673,0.896551724137931,1.0,2024-01-03 08:00:00,
0.7777777777777786,0.5,0.7777777777777777,0.5163147792706335,0.7777777777777777,0.5,0.7777777777777777,0.7777777777777779,0.5,0.5,0.5757575757575758,0.14285714285714285,0.9310344827586207,0.0,2024-01-03 09:00:00,
0.8888888888888893,0.75,0.8888888888888884,0.7562380038387717,0.8888888888888884,0.75,0.0,0.8888888888888891,0.75,0.75,0.5858585858585859,0.16326530612244897,0.9655172413793103,0.0,2024-01-03 10:00:00,
1.0,1.0,0.9999999999999996,0.9999999999999998,0.9999999999999991,1.0,0.0,1.0000000000000002,1.0,1.0,0.595959595959596,0.18367346938775508,1.0,0.0,2024-01-03 11:00:00,
0.0,0.0,0.0,0.0,0.0,0.0,0.5555555555555556,0.0,0.0,0.0,0.6060606060606061,0.2040816326530612,0.0,1.0,2024-01-03 12:00:00,
0.11111111111111072,0.25,0.11111111111111072,0.222648752399232,0.11111111111111072,0.25,0.0,0.11111111111111116,0.25,0.25,0.6161616161616162,0.22448979591836732,0.034482758620689655,0.0,2024-01-03 13:00:00,
0.22222222222222143,0.5,0.22222222222222188,0.44913627639155473,0.22222222222222143,0.5,0.0,0.22222222222222232,0.5,0.5,0.6262626262626263,0.24489795918367346,0.06896551724137931,0.0,2024-01-03 14:00:00,
0.3333333333333339,0.75,0.33333333333333304,0.6794625719769674,0.33333333333333304,0.75,0.8888888888888888,0.33333333333333326,0.75,0.75,0.6363636363636365,0.26530612244897955,0.10344827586206896,0.0,2024-01-03 15:00:00,
0.44444444444444464,1.0,0.4444444444444442,0.9136276391554701,0.44444444444444375,1.0,0.0,0.4444444444444444,1.0,1.0,0.6464646464646465,0.2857142857142857,0.13793103448275862,1.0,2024-01-03 16:00:00,
0.5555555555555554,0.0,0.5555555555555554,0.04798464491362764,0.5555555555555554,0.0,0.0,0.5555555555555556,0.0,0.0,0.6565656565656566,0.3061224489795918,0.1724137931034483,0.0,2024-01-03 17:00:00,
0.6666666666666661,0.25,0.6666666666666665,0.2802303262955852,0.6666666666666661,0.25,0.6666666666666666,0.6666666666666667,0.25,0.25,0.6666666666666667,0.32653061224489793,0.20689655172413793,0.0,2024-01-03 18:00:00,
0.7777777777777786,0.5,0.7777777777777777,0.5163147792706335,0.7777777777777777,0.5,0.0,0.7777777777777779,0.5,0.5,0.6767676767676768,0.3469387755102041,0.24137931034482757,0.0,2024-01-03 19:00:00,
0.8888888888888893,0.75,0.8888888888888884,0.7562380038387717,0.8888888888888884,0.75,0.0,0.8888888888888891,0.75,0.75,0.686868686868687,0.36734693877551017,0.27586206896551724,1.0,2024-01-03 20:00:00,
1.0,1.0,0.9999999999999996,0.9999999999999998,0.9999999999999991,1.0,1.0,1.0000000000000002,1.0,1.0,0.696969696969697,0.3877551020408163,0.3103448275862069,0.0,2024-01-03 21:00:00,
0.0,0.0,0.0,0.0,0.0,0.0,0.0,0.0,0.0,0.0,0.7070707070707072,0.4081632653061224,0.3448275862068966,0.0,2024-01-03 22:00:00,
0.11111111111111072,0.25,0.11111111111111072,0.222648752399232,0.11111111111111072,0.25,0.0,0.11111111111111116,0.25,0.25,0.7171717171717172,0.42857142857142855,0.3793103448275862,0.0,2024-01-03 23:00:00,
0.22222222222222143,0.5,0.22222222222222188,0.44913627639155473,0.22222222222222143,0.5,0.7777777777777777,0.22222222222222232,0.5,0.5,0.7272727272727273,0.44897959183673464,0.41379310344827586,1.0,2024-01-04 00:00:00,
0.3333333333333339,0.75,0.33333333333333304,0.6794625719769674,0.33333333333333304,0.75,0.0,0.33333333333333326,0.75,0.75,0.7373737373737375,0.4693877551020408,0.4482758620689655,0.0,2024-01-04 01:00:00,
0.44444444444444464,1.0,0.4444444444444442,0.9136276391554701,0.44444444444444375,1.0,0.0,0.4444444444444444,1.0,1.0,0.7474747474747475,0.4897959183673469,0.48275862068965514,0.0,2024-01-04 02:00:00,
0.5555555555555554,0.0,0.5555555555555554,0.04798464491362764,0.5555555555555554,0.0,0.5555555555555556,0.5555555555555556,0.0,0.0,0.7575757575757577,0.5102040816326531,0.5172413793103449,0.0,2024-01-04 03:00:00,
0.6666666666666661,0.25,0.6666666666666665,0.2802303262955852,0.6666666666666661,0.25,0.0,0.6666666666666667,0.25,0.25,0.7676767676767677,0.5306122448979591,0.5517241379310345,1.0,2024-01-04 04:00:00,
0.7777777777777786,0.5,0.7777777777777777,0.5163147792706335,0.7777777777777777,0.5,0.0,0.7777777777777779,0.5,0.5,0.7777777777777778,0.5510204081632653,0.5862068965517241,0.0,2024-01-04 05:00:00,
0.8888888888888893,0.75,0.8888888888888884,0.7562380038387717,0.8888888888888884,0.75,0.8888888888888888,0.8888888888888891,0.75,0.75,0.787878787878788,0.5714285714285714,0.6206896551724138,0.0,2024-01-04 06:00:00,
1.0,1.0,0.9999999999999996,0.9999999999999998,0.9999999999999991,1.0,0.0,1.0000000000000002,1.0,1.0,0.797979797979798,0.5918367346938775,0.6551724137931034,0.0,2024-01-04 07:00:00,
0.0,0.0,0.0,0.0,0.0,0.0,0.0,0.0,0.0,0.0,0.8080808080808082,0.6122448979591836,0.6896551724137931,1.0,2024-01-04 08:00:00,
0.11111111111111072,0.25,0.11111111111111072,0.222648752399232,0.11111111111111072,0.25,0.6666666666666666,0.11111111111111116,0.25,0.25,0.8181818181818182,0.6326530612244897,0.7241379310344828,0.0,2024-01-04 09:00:00,
0.22222222222222143,0.5,0.22222222222222188,0.44913627639155473,0.22222222222222143,0.5,0.0,0.22222222222222232,0.5,0.5,0.8282828282828284,0.6530612244897959,0.7586206896551724,0.0,2024-01-04 10:00:00,
0.3333333333333339,0.75,0.33333333333333304,0.6794625719769674,0.33333333333333304,0.75,0.0,0.33333333333333326,0.75,0.75,0.8383838383838385,0.673469387755102,0.7931034482758621,0.0,2024-01-04 11:00:00,
0.44444444444444464,1.0,0.4444444444444442,0.9136276391554701,0.44444444444444375,1.0,1.0,0.4444444444444444,1.0,1.0,0.8484848484848485,0.6938775510204082,0.8275862068965517,1.0,2024-01-04 12:00:00,
0.5555555555555554,0.0,0.5555555555555554,0.04798464491362764,0.5555555555555554,0.0,0.0,0.5555555555555556,0.0,0.0,0.8585858585858587,0.7142857142857142,0.8620689655172413,0.0,2024-01-04 13:00:00,
0.6666666666666661,0.25,0.6666666666666665,0.2802303262955852,0.6666666666666661,0.25,0.0,0.6666666666666667,0.25,0.25,0.8686868686868687,0.7346938775510203,0.896551724137931,0.0,2024-01-04 14:00:00,
0.7777777777777786,0.5,0.7777777777777777,0.5163147792706335,0.7777777777777777,0.5,0.7777777777777777,0.7777777777777779,0.5,0.5,0.8787878787878789,0.7551020408163265,0.9310344827586207,0.0,2024-01-04 15:00:00,
0.8888888888888893,0.75,0.8888888888888884,0.7562380038387717,0.8888888888888884,0.75,0.0,0.8888888888888891,0.75,0.75,0.888888888888889,0.7755102040816326,0.9655172413793103,1.0,2024-01-04 16:00:00,
1.0,1.0,0.9999999999999996,0.9999999999999998,0.9999999999999991,1.0,0.0,1.0000000000000002,1.0,1.0,0.8989898989898991,0.7959183673469387,1.0,0.0,2024-01-04 17:00:00,
0.0,0.0,0.0,0.0,0.0,0.0,0.5555555555555556,0.0,0.0,0.0,0.9090909090909092,0.8163265306122448,0.0,0.0,2024-01-04 18:00:00,
0.11111111111111072,0.25,0.11111111111111072,0.222648752399232,0.11111111111111072,0.25,0.0,0.11111111111111116,0.25,0.25,0.9191919191919192,0.836734693877551,0.034482758620689655,0.0,2024-01-04 19:00:00,
0.22222222222222143,0.5,0.22222222222222188,0.44913627639155473,0.22222222222222143,0.5,0.0,0.22222222222222232,0.5,0.5,0.9292929292929294,0.8571428571428571,0.06896551724137931,1.0,2024-01-04 20:00:00,
0.3333333333333339,0.75,0.33333333333333304,0.6794625719769674,0.33333333333333304,0.75,0.8888888888888888,0.33333333333333326,0.75,0.75,0.9393939393939394,0.8775510204081632,0.10344827586206896,0.0,2024-01-04 21:00:00,
0.44444444444444464,1.0,0.4444444444444442,0.9136276391554701,0.44444444444444375,1.0,0.0,0.4444444444444444,1.0,1.0,0.9494949494949496,0.8979591836734693,0.13793103448275862,0.0,2024-01-04 22:00:00,
0.5555555555555554,0.0,0.5555555555555554,0.04798464491362764,0.5555555555555554,0.0,0.0,0.5555555555555556,0.0,0.0,0.9595959595959597,0.9183673469387754,0.1724137931034483,0.0,2024-01-04 23:00:00,
0.6666666666666661,0.25,0.6666666666666665,0.2802303262955852,0.6666666666666661,0.25,0.6666666666666666,0.6666666666666667,0.25,0.25,0.9696969696969697,0.9387755102040816,0.20689655172413793,1.0,2024-01-05 00:00:00,
0.7777777777777786,0.5,0.7777777777777777,0.5163147792706335,0.7777777777777777,0.5,0.0,0.7777777777777779,0.5,0.5,0.9797979797979799,0.9591836734693877,0.24137931034482757,0.0,2024-01-05 01:00:00,
0.8888888888888893,0.75,0.8888888888888884,0.7562380038387717,0.8888888888888884,0.75,0.0,0.8888888888888891,0.75,0.75,0.98989898989899,0.9795918367346939,0.27586206896551724,0.0,2024-01-05 02:00:00,
1.0,1.0,0.9999999999999996,0.9999999999999998,0.9999999999999991,1.0,1.0,1.0000000000000002,1.0,1.0,1.0,0.9999999999999999,0.3103448275862069,0.0,2024-01-05 03:00:00,
0.0,0.0,0.0,0.0,0.0,0.0,0.0,0.0,0.0,0.0,0.0,0.0,0.3448275862068966,1.0,2024-01-05 04:00:00,
0.11111111111111072,0.25,0.11111111111111072,0.222648752399232,0.11111111111111072,0.25,0.0,0.11111111111111116,0.25,0.25,0.010101010101010102,0.02040816326530612,0.3793103448275862,0.0,2024-01-05 05:00:00,
0.22222222222222143,0.5,0.22222222222222188,0.44913627639155473,0.22222222222222143,0.5,0.7777777777777777,0.22222222222222232,0.5,0.5,0.020202020202020204,0.04081632653061224,0.41379310344827586,0.0,2024-01-05 06:00:00,
0.3333333333333339,0.75,0.33333333333333304,0.6794625719769674,0.33333333333333304,0.75,0.0,0.33333333333333326,0.75,0.75,0.030303030303030304,0.061224489795918366,0.4482758620689655,0.0,2024-01-05 07:00:00,
0.44444444444444464,1.0,0.4444444444444442,0.9136276391554701,0.44444444444444375,1.0,0.0,0.4444444444444444,1.0,1.0,0.04040404040404041,0.08163265306122448,0.48275862068965514,1.0,2024-01-05 08:00:00,
0.5555555555555554,0.0,0.5555555555555554,0.04798464491362764,0.5555555555555554,0.0,0.5555555555555556,0.5555555555555556,0.0,0.0,0.05050505050505051,0.1020408163265306,0.5172413793103449,0.0,2024-01-05 09:00:00,
0.6666666666666661,0.25,0.6666666666666665,0.2802303262955852,0.6666666666666661,0.25,0.0,0.6666666666666667,0.25,0.25,0.06060606060606061,0.12244897959183673,0.5517241379310345,0.0,2024-01-05 10:00:00,
0.7777777777777786,0.5,0.7777777777777777,0.5163147792706335,0.7777777777777777,0.5,0.0,0.7777777777777779,0.5,0.5,0.07070707070707072,0.14285714285714285,0.5862068965517241,0.0,2024-01-05 11:00:00,
0.8888888888888893,0.75,0.8888888888888884,0.7562380038387717,0.8888888888888884,0.75,0.8888888888888888,0.8888888888888891,0.75,0.75,0.08080808080808081,0.16326530612244897,0.6206896551724138,1.0,2024-01-05 12:00:00,
1.0,1.0,0.9999999999999996,0.9999999999999998,0.9999999999999991,1.0,0.0,1.0000000000000002,1.0,1.0,0.09090909090909091,0.18367346938775508,0.6551724137931034,0.0,2024-01-05 13:00:00,
0.0,0.0,0.0,0.0,0.0,0.0,0.0,0.0,0.0,0.0,0.10101010101010102,0.2040816326530612,0.6896551724137931,0.0,2024-01-05 14:00:00,
0.11111111111111072,0.25,0.11111111111111072,0.222648752399232,0.11111111111111072,0.25,0.6666666666666666,0.11111111111111116,0.25,0.25,0.11111111111111112,0.22448979591836732,0.7241379310344828,0.0,2024-01-05 15:00:00,
0.22222222222222143,0.5,0.22222222222222188,0.44913627639155473,0.22222222222222143,0.5,0.0,0.22222222222222232,0.5,0.5,0.12121212121212122,0.24489795918367346,0.7586206896551724,1.0,2024-01-05 16:00:00,
0.3333333333333339,0.75,0.33333333333333304,0.6794625719769674,0.33333333333333304,0.75,0.0,0.33333333333333326,0.75,0.75,0.13131313131313133,0.26530612244897955,0.7931034482758621,0.0,2024-01-05 17:00:00,
0.44444444444444464,1.0,0.4444444444444442,0.9136276391554701,0.44444444444444375,1.0,1.0,0.4444444444444444,1.0,1.0,0.14141414141414144,0.2857142857142857,0.8275862068965517,0.0,2024-01-05 18:00:00,
0.5555555555555554,0.0,0.5555555555555554,0.04798464491362764,0.5555555555555554,0.0,0.0,0.5555555555555556,0.0,0.0,0.15151515151515152,0.3061224489795918,0.8620689655172413,0.0,2024-01-05 19:00:00,
0.6666666666666661,0.25,0.6666666666666665,0.2802303262955852,0.6666666666666661,0.25,0.0,0.6666666666666667,0.25,0.25,0.16161616161616163,0.32653061224489793,0.896551724137931,1.0,2024-01-05 20:00:00,
0.7777777777777786,0.5,0.7777777777777777,0.5163147792706335,0.7777777777777777,0.5,0.7777777777777777,0.7777777777777779,0.5,0.5,0.17171717171717174,0.3469387755102041,0.9310344827586207,0.0,2024-01-05 21:00:00,
0.8888888888888893,0.75,0.8888888888888884,0.7562380038387717,0.8888888888888884,0.75,0.0,0.8888888888888891,0.75,0.75,0.18181818181818182,0.36734693877551017,0.9655172413793103,0.0,2024-01-05 22:00:00,
1.0,1.0,0.9999999999999996,0.9999999999999998,0.9999999999999991,1.0,0.0,1.0000000000000002,1.0,1.0,0.19191919191919193,0.3877551020408163,1.0,0.0,2024-01-05 23:00:00,
0.0,0.0,0.0,0.0,0.0,0.0,0.5555555555555556,0.0,0.0,0.0,0.20202020202020204,0.4081632653061224,0.0,1.0,2024-01-06 00:00:00,
0.11111111111111072,0.25,0.11111111111111072,0.222648752399232,0.11111111111111072,0.25,0.0,0.11111111111111116,0.25,0.25,0.21212121212121213,0.42857142857142855,0.034482758620689655,0.0,2024-01-06 01:00:00,
0.22222222222222143,0.5,0.22222222222222188,0.44913627639155473,0.22222222222222143,0.5,0.0,0.22222222222222232,0.5,0.5,0.22222222222222224,0.44897959183673464,0.06896551724137931,0.0,2024-01-06 02:00:00,
0.3333333333333339,0.75,0.33333333333333304,0.6794625719769674,0.33333333333333304,0.75,0.8888888888888888,0.33333333333333326,0.75,0.75,0.23232323232323235,0.4693877551020408,0.10344827586206896,0.0,2024-01-06 03:00:00,
0.44444444444444464,1.0,0.4444444444444442,0.9136276391554701,0.44444444444444375,1.0,0.0,0.4444444444444444,1.0,1.0,0.24242424242424243,0.4897959183673469,0.13793103448275862,1.0,2024-01-06 04:00:00,
0.5555555555555554,0.0,0.5555555555555554,0.04798464491362764,0.5555555555555554,0.0,0.0,0.5555555555555556,0.0,0.0,0.25252525252525254,0.5102040816326531,0.1724137931034483,0.0,2024-01-06 05:00:00,
0.6666666666666661,0.25,0.6666666666666665,0.2802303262955852,0.6666666666666661,0.25,0.6666666666666666,0.6666666666666667,0.25,0.25,0.26262626262626265,0.5306122448979591,0.20689655172413793,0.0,2024-01-06 06:00:00,
0.7777777777777786,0.5,0.7777777777777777,0.5163147792706335,0.7777777777777777,0.5,0.0,0.7777777777777779,0.5,0.5,0.27272727272727276,0.5510204081632653,0.24137931034482757,0.0,2024-01-06 07:00:00,
0.8888888888888893,0.75,0.8888888888888884,0.7562380038387717,0.8888888888888884,0.75,0.0,0.8888888888888891,0.75,0.75,0.2828282828282829,0.5714285714285714,0.27586206896551724,1.0,2024-01-06 08:00:00,
1.0,1.0,0.9999999999999996,0.9999999999999998,0.9999999999999991,1.0,1.0,1.0000000000000002,1.0,1.0,0.29292929292929293,0.5918367346938775,0.3103448275862069,0.0,2024-01-06 09:00:00,
0.0,0.0,0.0,0.0,0.0,0.0,0.0,0.0,0.0,0.0,0.30303030303030304,0.6122448979591836,0.3448275862068966,0.0,2024-01-06 10:00:00,
0.11111111111111072,0.25,0.11111111111111072,0.222648752399232,0.11111111111111072,0.25,0.0,0.11111111111111116,0.25,0.25,0.31313131313131315,0.6326530612244897,0.3793103448275862,0.0,2024-01-06 11:00:00,
0.22222222222222143,0.5,0.22222222222222188,0.44913627639155473,0.22222222222222143,0.5,0.7777777777777777,0.22222222222222232,0.5,0.5,0.32323232323232326,0.6530612244897959,0.41379310344827586,1.0,2024-01-06 12:00:00,
0.3333333333333339,0.75,0.33333333333333304,0.6794625719769674,0.33333333333333304,0.75,0.0,0.33333333333333326,0.75,0.75,0.33333333333333337,0.673469387755102,0.4482758620689655,0.0,2024-01-06 13:00:00,
0.44444444444444464,1.0,0.4444444444444442,0.9136276391554701,0.44444444444444375,1.0,0.0,0.4444444444444444,1.0,1.0,0.3434343434343435,0.6938775510204082,0.48275862068965514,0.0,2024-01-06 14:00:00,
0.5555555555555554,0.0,0.5555555555555554,0.04798464491362764,0.5555555555555554,0.0,0.5555555555555556,0.5555555555555556,0.0,0.0,0.3535353535353536,0.7142857142857142,0.5172413793103449,0.0,2024-01-06 15:00:00,
0.6666666666666661,0.25,0.6666666666666665,0.2802303262955852,0.6666666666666661,0.25,0.0,0.6666666666666667,0.25,0.25,0.36363636363636365,0.7346938775510203,0.5517241379310345,1.0,2024-01-06 16:00:00,
0.7777777777777786,0.5,0.7777777777777777,0.5163147792706335,0.7777777777777777,0.5,0.0,0.7777777777777779,0.5,0.5,0.37373737373737376,0.7551020408163265,0.5862068965517241,0.0,2024-01-06 17:00:00,
0.8888888888888893,0.75,0.8888888888888884,0.7562380038387717,0.8888888888888884,0.75,0.8888888888888888,0.8888888888888891,0.75,0.75,0.38383838383838387,0.7755102040816326,0.6206896551724138,0.0,2024-01-06 18:00:00,
1.0,1.0,0.9999999999999996,0.9999999999999998,0.9999999999999991,1.0,0.0,1.0000000000000002,1.0,1.0,0.393939393939394,0.7959183673469387,0.6551724137931034,0.0,2024-01-06 19:00:00,
0.0,0.0,0.0,0.0,0.0,0.0,0.0,0.0,0.0,0.0,0.4040404040404041,0.8163265306122448,0.6896551724137931,1.0,2024-01-06 20:00:00,
0.11111111111111072,0.25,0.11111111111111072,0.222648752399232,0.11111111111111072,0.25,0.6666666666666666,0.11111111111111116,0.25,0.25,0.4141414141414142,0.836734693877551,0.7241379310344828,0.0,2024-01-06 21:00:00,
0.22222222222222143,0.5,0.22222222222222188,0.44913627639155473,0.22222222222222143,0.5,0.0,0.22222222222222232,0.5,0.5,0.42424242424242425,0.8571428571428571,0.7586206896551724,0.0,2024-01-06 22:00:00,
0.3333333333333339,0.75,0.33333333333333304,0.6794625719769674,0.33333333333333304,0.75,0.0,0.33333333333333326,0.75,0.75,0.43434343434343436,0.8775510204081632,0.7931034482758621,0.0,2024-01-06 23:00:00,
0.44444444444444464,1.0,0.4444444444444442,0.9136276391554701,0.44444444444444375,1.0,1.0,0.4444444444444444,1.0,1.0,0.4444444444444445,0.8979591836734693,0.8275862068965517,1.0,2024-01-07 00:00:00,
0.5555555555555554,0.0,0.5555555555555554,0.04798464491362764,0.5555555555555554,0.0,0.0,0.5555555555555556,0.0,0.0,0.4545454545454546,0.9183673469387754,0.8620689655172413,0.0,2024-01-07 01:00:00,
0.6666666666666661,0.25,0.6666666666666665,0.2802303262955852,0.6666666666666661,0.25,0.0,0.6666666666666667,0.25,0.25,0.4646464646464647,0.9387755102040816,0.896551724137931,0.0,2024-01-07 02:00:00,
0.7777777777777786,0.5,0.7777777777777777,0.5163147792706335,0.7777777777777777,0.5,0.7777777777777777,0.7777777777777779,0.5,0.5,0.4747474747474748,0.9591836734693877,0.9310344827586207,0.0,2024-01-07 03:00:00,
0.8888888888888893,0.75,0.8888888888888884,0.7562380038387717,0.8888888888888884,0.75,0.0,0.8888888888888891,0.75,0.75,0.48484848484848486,0.9795918367346939,0.9655172413793103,1.0,2024-01-07 04:00:00,
1.0,1.0,0.9999999999999996,0.9999999999999998,0.9999999999999991,1.0,0.0,1.0000000000000002,1.0,1.0,0.494949494949495,0.9999999999999999,1.0,0.0,2024-01-07 05:00:00,
0.0,0.0,0.0,0.0,0.0,0.0,0.5555555555555556,0.0,0.0,0.0,0.5050505050505051,0.0,0.0,0.0,2024-01-07 06:00:00,
0.11111111111111072,0.25,0.11111111111111072,0.222648752399232,0.11111111111111072,0.25,0.0,0.11111111111111116,0.25,0.25,0.5151515151515152,0.02040816326530612,0.034482758620689655,0.0,2024-01-07 07:00:00,
0.22222222222222143,0.5,0.22222222222222188,0.44913627639155473,0.22222222222222143,0.5,0.0,0.22222222222222232,0.5,0.5,0.5252525252525253,0.04081632653061224,0.06896551724137931,1.0,2024-01-07 08:00:00,
0.3333333333333339,0.75,0.33333333333333304,0.6794625719769674,0.33333333333333304,0.75,0.8888888888888888,0.33333333333333326,0.75,0.75,0.5353535353535354,0.061224489795918366,0.10344827586206896,0.0,2024-01-07 09:00:00,
0.44444444444444464,1.0,0.4444444444444442,0.9136276391554701,0.44444444444444375,1.0,0.0,0.4444444444444444,1.0,1.0,0.5454545454545455,0.08163265306122448,0.13793103448275862,0.0,2024-01-07 10:00:00,
0.5555555555555554,0.0,0.5555555555555554,0.04798464491362764,0.5555555555555554,0.0,0.0,0.5555555555555556,0.0,0.0,0.5555555555555556,0.1020408163265306,0.1724137931034483,0.0,2024-01-07 11:00:00,
0.6666666666666661,0.25,0.6666666666666665,0.2802303262955852,0.6666666666666661,0.25,0.6666666666666666,0.6666666666666667,0.25,0.25,0.5656565656565657,0.12244897959183673,0.20689655172413793,1.0,2024-01-07 12:00:00,
0.7777777777777786,0.5,0.7777777777777777,0.5163147792706335,0.7777777777777777,0.5,0.0,0.7777777777777779,0.5,0.5,0.5757575757575758,0.14285714285714285,0.24137931034482757,0.0,2024-01-07 13:00:00,
0.8888888888888893,0.75,0.8888888888888884,0.7562380038387717,0.8888888888888884,0.75,0.0,0.8888888888888891,0.75,0.75,0.5858585858585859,0.16326530612244897,0.27586206896551724,0.0,2024-01-07 14:00:00,
1.0,1.0,0.9999999999999996,0.9999999999999998,0.9999999999999991,1.0,1.0,1.0000000000000002,1.0,1.0,0.595959595959596,0.18367346938775508,0.3103448275862069,0.0,2024-01-07 15:00:00,
0.0,0.0,0.0,0.0,0.0,0.0,0.0,0.0,0.0,0.0,0.6060606060606061,0.2040816326530612,0.3448275862068966,1.0,2024-01-07 16:00:00,
0.11111111111111072,0.25,0.11111111111111072,0.222648752399232,0.11111111111111072,0.25,0.0,0.11111111111111116,0.25,0.25,0.6161616161616162,0.22448979591836732,0.3793103448275862,0.0,2024-01-07 17:00:00,
0.22222222222222143,0.5,0.22222222222222188,0.44913627639155473,0.22222222222222143,0.5,0.7777777777777777,0.22222222222222232,0.5,0.5,0.6262626262626263,0.24489795918367346,0.41379310344827586,0.0,2024-01-07 18:00:00,
0.3333333333333339,0.75,0.33333333333333304,0.6794625719769674,0.33333333333333304,0.75,0.0,0.33333333333333326,0.75,0.75,0.6363636363636365,0.26530612244897955,0.4482758620689655,0.0,2024-01-07 19:00:00,
0.44444444444444464,1.0,0.4444444444444442,0.9136276391554701,0.44444444444444375,1.0,0.0,0.4444444444444444,1.0,1.0,0.6464646464646465,0.2857142857142857,0.48275862068965514,1.0,2024-01-07 20:00:00,
0.5555555555555554,0.0,0.5555555555555554,0.04798464491362764,0.5555555555555554,0.0,0.5555555555555556,0.5555555555555556,0.0,0.0,0.6565656565656566,0.3061224489795918,0.5172413793103449,0.0,2024-01-07 21:00:00,
0.6666666666666661,0.25,0.6666666666666665,0.2802303262955852,0.6666666666666661,0.25,0.0,0.6666666666666667,0.25,0.25,0.6666666666666667,0.32653061224489793,0.5517241379310345,0.0,2024-01-07 22:00:00,
0.7777777777777786,0.5,0.7777777777777777,0.5163147792706335,0.7777777777777777,0.5,0.0,0.7777777777777779,0.5,0.5,0.6767676767676768,0.3469387755102041,0.5862068965517241,0.0,2024-01-07 23:00:00,
0.8888888888888893,0.75,0.8888888888888884,0.7562380038387717,0.8888888888888884,0.75,0.8888888888888888,0.8888888888888891,0.75,0.75,0.686868686868687,0.36734693877551017,0.6206896551724138,1.0,2024-01-08 00:00:00,
1.0,1.0,0.9999999999999996,0.9999999999999998,0.9999999999999991,1.0,0.0,1.0000000000000002,1.0,1.0,0.696969696969697,0.3877551020408163,0.6551724137931034,0.0,2024-01-08 01:00:00,
0.0,0.0,0.0,0.0,0.0,0.0,0.0,0.0,0.0,0.0,0.7070707070707072,0.4081632653061224,0.6896551724137931,0.0,2024-01-08 02:00:00,
0.11111111111111072,0.25,0.11111111111111072,0.222648752399232,0.11111111111111072,0.25,0.6666666666666666,0.11111111111111116,0.25,0.25,0.7171717171717172,0.42857142857142855,0.7241379310344828,0.0,2024-01-08 03:00:00,
0.22222222222222143,0.5,0.22222222222222188,0.44913627639155473,0.22222222222222143,0.5,0.0,0.22222222222222232,0.5,0.5,0.7272727272727273,0.44897959183673464,0.7586206896551724,1.0,2024-01-08 04:00:00,
0.3333333333333339,0.75,0.33333333333333304,0.6794625719769674,0.33333333333333304,0.75,0.0,0.33333333333333326,0.75,0.75,0.7373737373737375,0.4693877551020408,0.7931034482758621,0.0,2024-01-08 05:00:00,
0.44444444444444464,1.0,0.4444444444444442,0.9136276391554701,0.44444444444444375,1.0,1.0,0.4444444444444444,1.0,1.0,0.7474747474747475,0.4897959183673469,0.8275862068965517,0.0,2024-01-08 06:00:00,
0.5555555555555554,0.0,0.5555555555555554,0.04798464491362764,0.5555555555555554,0.0,0.0,0.5555555555555556,0.0,0.0,0.7575757575757577,0.5102040816326531,0.8620689655172413,0.0,2024-01-08 07:00:00,
0.6666666666666661,0.25,0.6666666666666665,0.2802303262955852,0.6666666666666661,0.25,0.0,0.6666666666666667,0.25,0.25,0.7676767676767677,0.5306122448979591,0.896551724137931,1.0,2024-01-08 08:00:00,
0.7777777777777786,0.5,0.7777777777777777,0.5163147792706335,0.7777777777777777,0.5,0.7777777777777777,0.7777777777777779,0.5,0.5,0.7777777777777778,0.5510204081632653,0.9310344827586207,0.0,2024-01-08 09:00:00,
0.8888888888888893,0.75,0.8888888888888884,0.7562380038387717,0.8888888888888884,0.75,0.0,0.8888888888888891,0.75,0.75,0.787878787878788,0.5714285714285714,0.9655172413793103,0.0,2024-01-08 10:00:00,
1.0,1.0,0.9999999999999996,0.9999999999999998,0.9999999999999991,1.0,0.0,1.0000000000000002,1.0,1.0,0.797979797979798,0.5918367346938775,1.0,0.0,2024-01-08 11:00:00,
0.0,0.0,0.0,0.0,0.0,0.0,0.5555555555555556,0.0,0.0,0.0,0.8080808080808082,0.6122448979591836,0.0,1.0,2024-01-08 12:00:00,
0.11111111111111072,0.25,0.11111111111111072,0.222648752399232,0.11111111111111072,0.25,0.0,0.11111111111111116,0.25,0.25,0.8181818181818182,0.6326530612244897,0.034482758620689655,0.0,2024-01-08 13:00:00,
0.22222222222222143,0.5,0.22222222222222188,0.44913627639155473,0.22222222222222143,0.5,0.0,0.22222222222222232,0.5,0.5,0.8282828282828284,0.6530612244897959,0.06896551724137931,0.0,2024-01-08 14:00:00,
0.3333333333333339,0.75,0.33333333333333304,0.6794625719769674,0.33333333333333304,0.75,0.8888888888888888,0.33333333333333326,0.75,0.75,0.8383838383838385,0.673469387755102,0.10344827586206896,0.0,2024-01-08 15:00:00,
0.44444444444444464,1.0,0.4444444444444442,0.9136276391554701,0.44444444444444375,1.0,0.0,0.4444444444444444,1.0,1.0,0.8484848484848485,0.6938775510204082,0.13793103448275862,1.0,2024-01-08 16:00:00,
0.5555555555555554,0.0,0.5555555555555554,0.04798464491362764,0.5555555555555554,0.0,0.0,0.5555555555555556,0.0,0.0,0.8585858585858587,0.7142857142857142,0.1724137931034483,0.0,2024-01-08 17:00:00,
0.6666666666666661,0.25,0.6666666666666665,0.2802303262955852,0.6666666666666661,0.25,0.6666666666666666,0.6666666666666667,0.25,0.25,0.8686868686868687,0.7346938775510203,0.20689655172413793,0.0,2024-01-08 18:00:00,
0.7777777777777786,0.5,0.7777777777777777,0.5163147792706335,0.7777777777777777,0.5,0.0,0.7777777777777779,0.5,0.5,0.8787878787878789,0.7551020408163265,0.24137931034482757,0.0,2024-01-08 19:00:00,
0.8888888888888893,0.75,0.8888888888888884,0.7562380038387717,0.8888888888888884,0.75,0.0,0.8888888888888891,0.75,0.75,0.888888888888889,0.7755102040816326,0.27586206896551724,1.0,2024-01-08 20:00:00,
1.0,1.0,0.9999999999999996,0.9999999999999998,0.9999999999999991,1.0,1.0,1.0000000000000002,1.0,1.0,0.8989898989898991,0.7959183673469387,0.3103448275862069,0.0,2024-01-08 21:00:00,
0.0,0.0,0.0,0.0,0.0,0.0,0.0,0.0,0.0,0.0,0.9090909090909092,0.8163265306122448,0.3448275862068966,0.0,2024-01-08 22:00:00,
0.11111111111111072,0.25,0.11111111111111072,0.222648752399232,0.11111111111111072,0.25,0.0,0.11111111111111116,0.25,0.25,0.9191919191919192,0.836734693877551,0.3793103448275862,0.0,2024-01-08 23:00:00,
0.22222222222222143,0.5,0.22222222222222188,0.44913627639155473,0.22222222222222143,0.5,0.7777777777777777,0.22222222222222232,0.5,0.5,0.9292929292929294,0.8571428571428571,0.41379310344827586,1.0,2024-01-09 00:00:00,
0.3333333333333339,0.75,0.33333333333333304,0.6794625719769674,0.33333333333333304,0.75,0.0,0.33333333333333326,0.75,0.75,0.9393939393939394,0.8775510204081632,0.4482758620689655,0.0,2024-01-09 01:00:00,
0.44444444444444464,1.0,0.4444444444444442,0.9136276391554701,0.44444444444444375,1.0,0.0,0.4444444444444444,1.0,1.0,0.9494949494949496,0.8979591836734693,0.48275862068965514,0.0,2024-01-09 02:00:00,
0.5555555555555554,0.0,0.5555555555555554,0.04798464491362764,0.5555555555555554,0.0,0.5555555555555556,0.5555555555555556,0.0,0.0,0.9595959595959597,0.9183673469387754,0.5172413793103449,0.0,2024-01-09 03:00:00,
0.6666666666666661,0.25,0.6666666666666665,0.2802303262955852,0.6666666666666661,0.25,0.0,0.6666666666666667,0.25,0.25,0.9696969696969697,0.9387755102040816,0.5517241379310345,1.0,2024-01-09 04:00:00,
0.7777777777777786,0.5,0.7777777777777777,0.5163147792706335,0.7777777777777777,0.5,0.0,0.7777777777777779,0.5,0.5,0.9797979797979799,0.9591836734693877,0.5862068965517241,0.0,2024-01-09 05:00:00,
0.8888888888888893,0.75,0.8888888888888884,0.7562380038387717,0.8888888888888884,0.75,0.8888888888888888,0.8888888888888891,0.75,0.75,0.98989898989899,0.9795918367346939,0.6206896551724138,0.0,2024-01-09 06:00:00,
1.0,1.0,0.9999999999999996,0.9999999999999998,0.9999999999999991,1.0,0.0,1.0000000000000002,1.0,1.0,1.0,0.9999999999999999,0.6551724137931034,0.0,2024-01-09 07:00:00,
0.0,0.0,0.0,0.0,0.0,0.0,0.0,0.0,0.0,0.0,0.0,0.0,0.6896551724137931,1.0,2024-01-09 08:00:00,
0.11111111111111072,0.25,0.11111111111111072,0.222648752399232,0.11111111111111072,0.25,0.6666666666666666,0.11111111111111116,0.25,0.25,0.010101010101010102,0.02040816326530612,0.7241379310344828,0.0,2024-01-09 09:00:00,
0.22222222222222143,0.5,0.22222222222222188,0.44913627639155473,0.22222222222222143,0.5,0.0,0.22222222222222232,0.5,0.5,0.020202020202020204,0.04081632653061224,0.7586206896551724,0.0,2024-01-09 10:00:00,
0.3333333333333339,0.75,0.33333333333333304,0.6794625719769674,0.33333333333333304,0.75,0.0,0.33333333333333326,0.75,0.75,0.030303030303030304,0.061224489795918366,0.7931034482758621,0.0,2024-01-09 11:00:00,
0.44444444444444464,1.0,0.4444444444444442,0.9136276391554701,0.44444444444444375,1.0,1.0,0.4444444444444444,1.0,1.0,0.04040404040404041,0.08163265306122448,0.8275862068965517,1.0,2024-01-09 12:00:00,
0.5555555555555554,0.0,0.5555555555555554,0.04798464491362764,0.5555555555555554,0.0,0.0,0.5555555555555556,0.0,0.0,0.05050505050505051,0.1020408163265306,0.8620689655172413,0.0,2024-01-09 13:00:00,
0.6666666666666661,0.25,0.6666666666666665,0.2802303262955852,0.6666666666666661,0.25,0.0,0.6666666666666667,0.25,0.25,0.06060606060606061,0.12244897959183673,0.896551724137931,0.0,2024-01-09 14:00:00,
0.7777777777777786,0.5,0.7777777777777777,0.5163147792706335,0.7777777777777777,0.5,0.7777777777777777,0.7777777777777779,0.5,0.5,0.07070707070707072,0.14285714285714285,0.9310344827586207,0.0,2024-01-09 15:00:00,
0.8888888888888893,0.75,0.8888888888888884,0.7562380038387717,0.8888888888888884,0.75,0.0,0.8888888888888891,0.75,0.75,0.08080808080808081,0.16326530612244897,0.9655172413793103,1.0,2024-01-09 16:00:00,
1.0,1.0,0.9999999999999996,0.9999999999999998,0.9999999999999991,1.0,0.0,1.0000000000000002,1.0,1.0,0.09090909090909091,0.18367346938775508,1.0,0.0,2024-01-09 17:00:00,
0.0,0.0,0.0,0.0,0.0,0.0,0.5555555555555556,0.0,0.0,0.0,0.10101010101010102,0.2040816326530612,0.0,0.0,2024-01-09 18:00:00,
0.11111111111111072,0.25,0.11111111111111072,0.222648752399232,0.11111111111111072,0.25,0.0,0.11111111111111116,0.25,0.25,0.11111111111111112,0.22448979591836732,0.034482758620689655,0.0,2024-01-09 19:00:00,
0.22222222222222143,0.5,0.22222222222222188,0.44913627639155473,0.22222222222222143,0.5,0.0,0.22222222222222232,0.5,0.5,0.12121212121212122,0.24489795918367346,0.06896551724137931,1.0,2024-01-09 20:00:00,
0.3333333333333339,0.75,0.33333333333333304,0.6794625719769674,0.33333333333333304,0.75,0.8888888888888888,0.33333333333333326,0.75,0.75,0.13131313131313133,0.26530612244897955,0.10344827586206896,0.0,2024-01-09 21:00:00,
0.44444444444444464,1.0,0.4444444444444442,0.9136276391554701,0.44444444444444375,1.0,0.0,0.4444444444444444,1.0,1.0,0.14141414141414144,0.2857142857142857,0.13793103448275862,0.0,2024-01-09 22:00:00,
0.5555555555555554,0.0,0.5555555555555554,0.04798464491362764,0.5555555555555554,0.0,0.0,0.5555555555555556,0.0,0.0,0.15151515151515152,0.3061224489795918,0.1724137931034483,0.0,2024-01-09 23:00:00,
0.6666666666666661,0.25,0.6666666666666665,0.2802303262955852,0.6666666666666661,0.25,0.6666666666666666,0.6666666666666667,0.25,0.25,0.16161616161616163,0.32653061224489793,0.20689655172413793,1.0,2024-01-10 00:00:00,
0.7777777777777786,0.5,0.7777777777777777,0.5163147792706335,0.7777777777777777,0.5,0.0,0.7777777777777779,0.5,0.5,0.17171717171717174,0.3469387755102041,0.24137931034482757,0.0,2024-01-10 01:00:00,
0.8888888888888893,0.75,0.8888888888888884,0.7562380038387717,0.8888888888888884,0.75,0.0,0.8888888888888891,0.75,0.75,0.18181818181818182,0.36734693877551017,0.27586206896551724,0.0,2024-01-10 02:00:00,
1.0,1.0,0.9999999999999996,0.9999999999999998,0.9999999999999991,1.0,1.0,1.0000000000000002,1.0,1.0,0.19191919191919193,0.3877551020408163,0.3103448275862069,0.0,2024-01-10 03:00:00,
0.0,0.0,0.0,0.0,0.0,0.0,0.0,0.0,0.0,0.0,0.20202020202020204,0.4081632653061224,0.3448275862068966,1.0,2024-01-10 04:00:00,
0.11111111111111072,0.25,0.11111111111111072,0.222648752399232,0.11111111111111072,0.25,0.0,0.11111111111111116,0.25,0.25,0.21212121212121213,0.42857142857142855,0.3793103448275862,0.0,2024-01-10 05:00:00,
0.22222222222222143,0.5,0.22222222222222188,0.44913627639155473,0.22222222222222143,0.5,0.7777777777777777,0.22222222222222232,0.5,0.5,0.22222222222222224,0.44897959183673464,0.41379310344827586,0.0,2024-01-10 06:00:00,
0.3333333333333339,0.75,0.33333333333333304,0.6794625719769674,0.33333333333333304,0.75,0.0,0.33333333333333326,0.75,0.75,0.23232323232323235,0.4693877551020408,0.4482758620689655,0.0,2024-01-10 07:00:00,
0.44444444444444464,1.0,0.4444444444444442,0.9136276391554701,0.44444444444444375,1.0,0.0,0.4444444444444444,1.0,1.0,0.24242424242424243,0.4897959183673469,0.48275862068965514,1.0,2024-01-10 08:00:00,
0.5555555555555554,0.0,0.5555555555555554,0.04798464491362764,0.5555555555555554,0.0,0.5555555555555556,0.5555555555555556,0.0,0.0,0.25252525252525254,0.5102040816326531,0.5172413793103449,0.0,2024-01-10 09:00:00,
0.6666666666666661,0.25,0.6666666666666665,0.2802303262955852,0.6666666666666661,0.25,0.0,0.6666666666666667,0.25,0.25,0.26262626262626265,0.5306122448979591,0.5517241379310345,0.0,2024-01-10 10:00:00,
0.7777777777777786,0.5,0.7777777777777777,0.5163147792706335,0.7777777777777777,0.5,0.0,0.7777777777777779,0.5,0.5,0.27272727272727276,0.5510204081632653,0.5862068965517241,0.0,2024-01-10 11:00:00,
0.8888888888888893,0.75,0.8888888888888884,0.7562380038387717,0.8888888888888884,0.75,0.8888888888888888,0.8888888888888891,0.75,0.75,0.2828282828282829,0.5714285714285714,0.6206896551724138,1.0,2024-01-10 12:00:00,
1.0,1.0,0.9999999999999996,0.9999999999999998,0.9999999999999991,1.0,0.0,1.0000000000000002,1.0,1.0,0.29292929292929293,0.5918367346938775,0.6551724137931034,0.0,2024-01-10 13:00:00,
0.0,0.0,0.0,0.0,0.0,0.0,0.0,0.0,0.0,0.0,0.30303030303030304,0.6122448979591836,0.6896551724137931,0.0,2024-01-10 14:00:00,
0.11111111111111072,0.25,0.11111111111111072,0.222648752399232,0.11111111111111072,0.25,0.6666666666666666,0.11111111111111116,0.25,0.25,0.31313131313131315,0.6326530612244897,0.7241379310344828,0.0,2024-01-10 15:00:00,
0.22222222222222143,0.5,0.22222222222222188,0.44913627639155473,0.22222222222222143,0.5,0.0,0.22222222222222232,0.5,0.5,0.32323232323232326,0.6530612244897959,0.7586206896551724,1.0,2024-01-10 16:00:00,
0.3333333333333339,0.75,0.33333333333333304,0.6794625719769674,0.33333333333333304,0.75,0.0,0.33333333333333326,0.75,0.75,0.33333333333333337,0.673469387755102,0.7931034482758621,0.0,2024-01-10 17:00:00,
0.44444444444444464,1.0,0.4444444444444442,0.9136276391554701,0.44444444444444375,1.0,1.0,0.4444444444444444,1.0,1.0,0.3434343434343435,0.6938775510204082,0.8275862068965517,0.0,2024-01-10 18:00:00,
0.5555555555555554,0.0,0.5555555555555554,0.04798464491362764,0.5555555555555554,0.0,0.0,0.5555555555555556,0.0,0.0,0.3535353535353536,0.7142857142857142,0.8620689655172413,0.0,2024-01-10 19:00:00,
0.6666666666666661,0.25,0.6666666666666665,0.2802303262955852,0.6666666666666661,0.25,0.0,0.6666666666666667,0.25,0.25,0.36363636363636365,0.7346938775510203,0.896551724137931,1.0,2024-01-10 20:00:00,
0.7777777777777786,0.5,0.7777777777777777,0.5163147792706335,0.7777777777777777,0.5,0.7777777777777777,0.7777777777777779,0.5,0.5,0.37373737373737376,0.7551020408163265,0.9310344827586207,0.0,2024-01-10 21:00:00,
0.8888888888888893,0.75,0.8888888888888884,0.7562380038387717,0.8888888888888884,0.75,0.0,0.8888888888888891,0.75,0.75,0.38383838383838387,0.7755102040816326,0.9655172413793103,0.0,2024-01-10 22:00:00,
1.0,1.0,0.9999999999999996,0.9999999999999998,0.9999999999999991,1.0,0.0,1.0000000000000002,1.0,1.0,0.393939393939394,0.7959183673469387,1.0,0.0,2024-01-10 23:00:00,
0.0,0.0,0.0,0.0,0.0,0.0,0.5555555555555556,0.0,0.0,0.0,0.4040404040404041,0.8163265306122448,0.0,1.0,2024-01-11 00:00:00,
0.11111111111111072,0.25,0.11111111111111072,0.222648752399232,0.11111111111111072,0.25,0.0,0.11111111111111116,0.25,0.25,0.4141414141414142,0.836734693877551,0.034482758620689655,0.0,2024-01-11 01:00:00,
0.22222222222222143,0.5,0.22222222222222188,0.44913627639155473,0.22222222222222143,0.5,0.0,0.22222222222222232,0.5,0.5,0.42424242424242425,0.8571428571428571,0.06896551724137931,0.0,2024-01-11 02:00:00,
0.3333333333333339,0.75,0.33333333333333304,0.6794625719769674,0.33333333333333304,0.75,0.8888888888888888,0.33333333333333326,0.75,0.75,0.43434343434343436,0.8775510204081632,0.10344827586206896,0.0,2024-01-11 03:00:00,
0.44444444444444464,1.0,0.4444444444444442,0.9136276391554701,0.44444444444444375,1.0,0.0,0.4444444444444444,1.0,1.0,0.4444444444444445,0.8979591836734693,0.13793103448275862,1.0,2024-01-11 04:00:00,
0.5555555555555554,0.0,0.5555555555555554,0.04798464491362764,0.5555555555555554,0.0,0.0,0.5555555555555556,0.0,0.0,0.4545454545454546,0.9183673469387754,0.1724137931034483,0.0,2024-01-11 05:00:00,
0.6666666666666661,0.25,0.6666666666666665,0.2802303262955852,0.6666666666666661,0.25,0.6666666666666666,0.6666666666666667,0.25,0.25,0.4646464646464647,0.9387755102040816,0.20689655172413793,0.0,2024-01-11 06:00:00,
0.7777777777777786,0.5,0.7777777777777777,0.5163147792706335,0.7777777777777777,0.5,0.0,0.7777777777777779,0.5,0.5,0.4747474747474748,0.9591836734693877,0.24137931034482757,0.0,2024-01-11 07:00:00,
0.8888888888888893,0.75,0.8888888888888884,0.7562380038387717,0.8888888888888884,0.75,0.0,0.8888888888888891,0.75,0.75,0.48484848484848486,0.9795918367346939,0.27586206896551724,1.0,2024-01-11 08:00:00,
1.0,1.0,0.9999999999999996,0.9999999999999998,0.9999999999999991,1.0,1.0,1.0000000000000002,1.0,1.0,0.494949494949495,0.9999999999999999,0.3103448275862069,0.0,2024-01-11 09:00:00,
0.0,0.0,0.0,0.0,0.0,0.0,0.0,0.0,0.0,0.0,0.5050505050505051,0.0,0.3448275862068966,0.0,2024-01-11 10:00:00,
0.11111111111111072,0.25,0.11111111111111072,0.222648752399232,0.11111111111111072,0.25,0.0,0.11111111111111116,0.25,0.25,0.5151515151515152,0.02040816326530612,0.3793103448275862,0.0,2024-01-11 11:00:00,
0.22222222222222143,0.5,0.22222222222222188,0.44913627639155473,0.22222222222222143,0.5,0.7777777777777777,0.22222222222222232,0.5,0.5,0.5252525252525253,0.04081632653061224,0.41379310344827586,1.0,2024-01-11 12:00:00,
0.3333333333333339,0.75,0.33333333333333304,0.6794625719769674,0.33333333333333304,0.75,0.0,0.33333333333333326,0.75,0.75,0.5353535353535354,0.061224489795918366,0.4482758620689655,0.0,2024-01-11 13:00:00,
0.44444444444444464,1.0,0.4444444444444442,0.9136276391554701,0.44444444444444375,1.0,0.0,0.4444444444444444,1.0,1.0,0.5454545454545455,0.08163265306122448,0.48275862068965514,0.0,2024-01-11 14:00:00,
0.5555555555555554,0.0,0.5555555555555554,0.04798464491362764,0.5555555555555554,0.0,0.5555555555555556,0.5555555555555556,0.0,0.0,0.5555555555555556,0.1020408163265306,0.5172413793103449,0.0,2024-01-11 15:00:00,
0.6666666666666661,0.25,0.6666666666666665,0.2802303262955852,0.6666666666666661,0.25,0.0,0.6666666666666667,0.25,0.25,0.5656565656565657,0.12244897959183673,0.5517241379310345,1.0,2024-01-11 16:00:00,
0.7777777777777786,0.5,0.7777777777777777,0.5163147792706335,0.7777777777777777,0.5,0.0,0.7777777777777779,0.5,0.5,0.5757575757575758,0.14285714285714285,0.5862068965517241,0.0,2024-01-11 17:00:00,
0.8888888888888893,0.75,0.8888888888888884,0.7562380038387717,0.8888888888888884,0.75,0.8888888888888888,0.8888888888888891,0.75,0.75,0.5858585858585859,0.16326530612244897,0.6206896551724138,0.0,2024-01-11 18:00:00,
1.0,1.0,0.9999999999999996,0.9999999999999998,0.9999999999999991,1.0,0.0,1.0000000000000002,1.0,1.0,0.595959595959596,0.18367346938775508,0.6551724137931034,0.0,2024-01-11 19:00:00,
0.0,0.0,0.0,0.0,0.0,0.0,0.0,0.0,0.0,0.0,0.6060606060606061,0.2040816326530612,0.6896551724137931,1.0,2024-01-11 20:00:00,
0.11111111111111072,0.25,0.11111111111111072,0.222648752399232,0.11111111111111072,0.25,0.6666666666666666,0.11111111111111116,0.25,0.25,0.6161616161616162,0.22448979591836732,0.7241379310344828,0.0,2024-01-11 21:00:00,
0.22222222222222143,0.5,0.22222222222222188,0.44913627639155473,0.22222222222222143,0.5,0.0,0.22222222222222232,0.5,0.5,0.6262626262626263,0.24489795918367346,0.7586206896551724,0.0,2024-01-11 22:00:00,
0.3333333333333339,0.75,0.33333333333333304,0.6794625719769674,0.33333333333333304,0.75,0.0,0.33333333333333326,0.75,0.75,0.6363636363636365,0.26530612244897955,0.7931034482758621,0.0,2024-01-11 23:00:00,
0.44444444444444464,1.0,0.4444444444444442,0.9136276391554701,0.44444444444444375,1.0,1.0,0.4444444444444444,1.0,1.0,0.6464646464646465,0.2857142857142857,0.8275862068965517,1.0,2024-01-12 00:00:00,
0.5555555555555554,0.0,0.5555555555555554,0.04798464491362764,0.5555555555555554,0.0,0.0,0.5555555555555556,0.0,0.0,0.6565656565656566,0.3061224489795918,0.8620689655172413,0.0,2024-01-12 01:00:00,
0.6666666666666661,0.25,0.6666666666666665,0.2802303262955852,0.6666666666666661,0.25,0.0,0.6666666666666667,0.25,0.25,0.6666666666666667,0.32653061224489793,0.896551724137931,0.0,2024-01-12 02:00:00,
0.7777777777777786,0.5,0.7777777777777777,0.5163147792706335,0.7777777777777777,0.5,0.7777777777777777,0.7777777777777779,0.5,0.5,0.6767676767676768,0.3469387755102041,0.9310344827586207,0.0,2024-01-12 03:00:00,
0.8888888888888893,0.75,0.8888888888888884,0.7562380038387717,0.8888888888888884,0.75,0.0,0.8888888888888891,0.75,0.75,0.686868686868687,0.36734693877551017,0.9655172413793103,1.0,2024-01-12 04:00:00,
1.0,1.0,0.9999999999999996,0.9999999999999998,0.9999999999999991,1.0,0.0,1.0000000000000002,1.0,1.0,0.696969696969697,0.3877551020408163,1.0,0.0,2024-01-12 05:00:00,
0.0,0.0,0.0,0.0,0.0,0.0,0.5555555555555556,0.0,0.0,0.0,0.7070707070707072,0.4081632653061224,0.0,0.0,2024-01-12 06:00:00,
0.11111111111111072,0.25,0.11111111111111072,0.222648752399232,0.11111111111111072,0.25,0.0,0.11111111111111116,0.25,0.25,0.7171717171717172,0.42857142857142855,0.034482758620689655,0.0,2024-01-12 07:00:00,
0.22222222222222143,0.5,0.22222222222222188,0.44913627639155473,0.22222222222222143,0.5,0.0,0.22222222222222232,0.5,0.5,0.7272727272727273,0.44897959183673464,0.06896551724137931,1.0,2024-01-12 08:00:00,
0.3333333333333339,0.75,0.33333333333333304,0.6794625719769674,0.33333333333333304,0.75,0.8888888888888888,0.33333333333333326,0.75,0.75,0.7373737373737375,0.4693877551020408,0.10344827586206896,0.0,2024-01-12 09:00:00,
0.44444444444444464,1.0,0.4444444444444442,0.9136276391554701,0.44444444444444375,1.0,0.0,0.4444444444444444,1.0,1.0,0.7474747474747475,0.4897959183673469,0.13793103448275862,0.0,2024-01-12 10:00:00,
0.5555555555555554,0.0,0.5555555555555554,0.04798464491362764,0.5555555555555554,0.0,0.0,0.5555555555555556,0.0,0.0,0.7575757575757577,0.5102040816326531,0.1724137931034483,0.0,2024-01-12 11:00:00,
0.6666666666666661,0.25,0.6666666666666665,0.2802303262955852,0.6666666666666661,0.25,0.6666666666666666,0.6666666666666667,0.25,0.25,0.7676767676767677,0.5306122448979591,0.20689655172413793,1.0,2024-01-12 12:00:00,
0.7777777777777786,0.5,0.7777777777777777,0.5163147792706335,0.7777777777777777,0.5,0.0,0.7777777777777779,0.5,0.5,0.7777777777777778,0.5510204081632653,0.24137931034482757,0.0,2024-01-12 13:00:00,
0.8888888888888893,0.75,0.8888888888888884,0.7562380038387717,0.8888888888888884,0.75,0.0,0.8888888888888891,0.75,0.75,0.787878787878788,0.5714285714285714,0.27586206896551724,0.0,2024-01-12 14:00:00,
1.0,1.0,0.9999999999999996,0.9999999999999998,0.9999999999999991,1.0,1.0,1.0000000000000002,1.0,1.0,0.797979797979798,0.5918367346938775,0.3103448275862069,0.0,2024-01-12 15:00:00,
0.0,0.0,0.0,0.0,0.0,0.0,0.0,0.0,0.0,0.0,0.8080808080808082,0.6122448979591836,0.3448275862068966,1.0,2024-01-12 16:00:00,
0.11111111111111072,0.25,0.11111111111111072,0.222648752399232,0.11111111111111072,0.25,0.0,0.11111111111111116,0.25,0.25,0.8181818181818182,0.6326530612244897,0.3793103448275862,0.0,2024-01-12 17:00:00,
0.22222222222222143,0.5,0.22222222222222188,0.44913627639155473,0.22222222222222143,0.5,0.7777777777777777,0.22222222222222232,0.5,0.5,0.8282828282828284,0.6530612244897959,0.41379310344827586,0.0,2024-01-12 18:00:00,
0.3333333333333339,0.75,0.33333333333333304,0.6794625719769674,0.33333333333333304,0.75,0.0,0.33333333333333326,0.75,0.75,0.8383838383838385,0.673469387755102,0.4482758620689655,0.0,2024-01-12 19:00:00,
0.44444444444444464,1.0,0.4444444444444442,0.9136276391554701,0.44444444444444375,1.0,0.0,0.4444444444444444,1.0,1.0,0.8484848484848485,0.6938775510204082,0.48275862068965514,1.0,2024-01-12 20:00:00,
0.5555555555555554,0.0,0.5555555555555554,0.04798464491362764,0.5555555555555554,0.0,0.5555555555555556,0.5555555555555556,0.0,0.0,0.8585858585858587,0.7142857142857142,0.5172413793103449,0.0,2024-01-12 21:00:00,
0.6666666666666661,0.25,0.6666666666666665,0.2802303262955852,0.6666666666666661,0.25,0.0,0.6666666666666667,0.25,0.25,0.8686868686868687,0.7346938775510203,0.5517241379310345,0.0,2024-01-12 22:00:00,
0.7777777777777786,0.5,0.7777777777777777,0.5163147792706335,0.7777777777777777,0.5,0.0,0.7777777777777779,0.5,0.5,0.8787878787878789,0.7551020408163265,0.5862068965517241,0.0,2024-01-12 23:00:00,
0.8888888888888893,0.75,0.8888888888888884,0.7562380038387717,0.8888888888888884,0.75,0.8888888888888888,0.8888888888888891,0.75,0.75,0.888888888888889,0.7755102040816326,0.6206896551724138,1.0,2024-01-13 00:00:00,
1.0,1.0,0.9999999999999996,0.9999999999999998,0.9999999999999991,1.0,0.0,1.0000000000000002,1.0,1.0,0.8989898989898991,0.7959183673469387,0.6551724137931034,0.0,2024-01-13 01:00:00,
0.0,0.0,0.0,0.0,0.0,0.0,0.0,0.0,0.0,0.0,0.9090909090909092,0.8163265306122448,0.6896551724137931,0.0,2024-01-13 02:00:00,
0.11111111111111072,0.25,0.11111111111111072,0.222648752399232,0.11111111111111072,0.25,0.6666666666666666,0.11111111111111116,0.25,0.25,0.9191919191919192,0.836734693877551,0.7241379310344828,0.0,2024-01-13 03:00:00,
0.22222222222222143,0.5,0.22222222222222188,0.44913627639155473,0.22222222222222143,0.5,0.0,0.22222222222222232,0.5,0.5,0.9292929292929294,0.8571428571428571,0.7586206896551724,1.0,2024-01-13 04:00:00,
0.3333333333333339,0.75,0.33333333333333304,0.6794625719769674,0.33333333333333304,0.75,0.0,0.33333333333333326,0.75,0.75,0.9393939393939394,0.8775510204081632,0.7931034482758621,0.0,2024-01-13 05:00:00,
0.44444444444444464,1.0,0.4444444444444442,0.9136276391554701,0.44444444444444375,1.0,1.0,0.4444444444444444,1.0,1.0,0.9494949494949496,0.8979591836734693,0.8275862068965517,0.0,2024-01-13 06:00:00,
0.5555555555555554,0.0,0.5555555555555554,0.04798464491362764,0.5555555555555554,0.0,0.0,0.5555555555555556,0.0,0.0,0.9595959595959597,0.9183673469387754,0.8620689655172413,0.0,2024-01-13 07:00:00,
0.6666666666666661,0.25,0.6666666666666665,0.2802303262955852,0.6666666666666661,0.25,0.0,0.6666666666666667,0.25,0.25,0.9696969696969697,0.9387755102040816,0.896551724137931,1.0,2024-01-13 08:00:00,
0.7777777777777786,0.5,0.7777777777777777,0.5163147792706335,0.7777777777777777,0.5,0.7777777777777777,0.7777777777777779,0.5,0.5,0.9797979797979799,0.9591836734693877,0.9310344827586207,0.0,2024-01-13 09:00:00,
0.8888888888888893,0.75,0.8888888888888884,0.7562380038387717,0.8888888888888884,0.75,0.0,0.8888888888888891,0.75,0.75,0.98989898989899,0.9795918367346939,0.9655172413793103,0.0,2024-01-13 10:00:00,
1.0,1.0,0.9999999999999996,0.9999999999999998,0.9999999999999991,1.0,0.0,1.0000000000000002,1.0,1.0,1.0,0.9999999999999999,1.0,0.0,2024-01-13 11:00:00,
0.0,0.0,0.0,0.0,0.0,0.0,0.5555555555555556,0.0,0.0,0.0,0.0,0.0,0.0,1.0,2024-01-13 12:00:00,
0.11111111111111072,0.25,0.11111111111111072,0.222648752399232,0.11111111111111072,0.25,0.0,0.11111111111111116,0.25,0.25,0.010101010101010102,0.02040816326530612,0.034482758620689655,0.0,2024-01-13 13:00:00,
0.22222222222222143,0.5,0.22222222222222188,0.44913627639155473,0.22222222222222143,0.5,0.0,0.22222222222222232,0.5,0.5,0.020202020202020204,0.04081632653061224,0.06896551724137931,0.0,2024-01-13 14:00:00,
0.3333333333333339,0.75,0.33333333333333304,0.6794625719769674,0.33333333333333304,0.75,0.8888888888888888,0.33333333333333326,0.75,0.75,0.030303030303030304,0.061224489795918366,0.10344827586206896,0.0,2024-01-13 15:00:00,
0.44444444444444464,1.0,0.4444444444444442,0.9136276391554701,0.44444444444444375,1.0,0.0,0.4444444444444444,1.0,1.0,0.04040404040404041,0.08163265306122448,0.13793103448275862,1.0,2024-01-13 16:00:00,
0.5555555555555554,0.0,0.5555555555555554,0.04798464491362764,0.5555555555555554,0.0,0.0,0.5555555555555556,0.0,0.0,0.05050505050505051,0.1020408163265306,0.1724137931034483,0.0,2024-01-13 17:00:00,
0.6666666666666661,0.25,0.6666666666666665,0.2802303262955852,0.6666666666666661,0.25,0.6666666666666666,0.6666666666666667,0.25,0.25,0.06060606060606061,0.12244897959183673,0.20689655172413793,0.0,2024-01-13 18:00:00,
0.7777777777777786,0.5,0.7777777777777777,0.5163147792706335,0.7777777777777777,0.5,0.0,0.7777777777777779,0.5,0.5,0.07070707070707072,0.14285714285714285,0.24137931034482757,0.0,2024-01-13 19:00:00,
0.8888888888888893,0.75,0.8888888888888884,0.7562380038387717,0.8888888888888884,0.75,0.0,0.8888888888888891,0.75,0.75,0.08080808080808081,0.16326530612244897,0.27586206896551724,1.0,2024-01-13 20:00:00,
1.0,1.0,0.9999999999999996,0.9999999999999998,0.9999999999999991,1.0,1.0,1.0000000000000002,1.0,1.0,0.09090909090909091,0.18367346938775508,0.3103448275862069,0.0,2024-01-13 21:00:00,
0.0,0.0,0.0,0.0,0.0,0.0,0.0,0.0,0.0,0.0,0.10101010101010102,0.2040816326530612,0.3448275862068966,0.0,2024-01-13 22:00:00,
0.11111111111111072,0.25,0.11111111111111072,0.222648752399232,0.11111111111111072,0.25,0.0,0.11111111111111116,0.25,0.25,0.11111111111111112,0.22448979591836732,0.3793103448275862,0.0,2024-01-13 23:00:00,
0.22222222222222143,0.5,0.22222222222222188,0.44913627639155473,0.22222222222222143,0.5,0.7777777777777777,0.22222222222222232,0.5,0.5,0.12121212121212122,0.24489795918367346,0.41379310344827586,1.0,2024-01-14 00:00:00,
0.3333333333333339,0.75,0.33333333333333304,0.6794625719769674,0.33333333333333304,0.75,0.0,0.33333333333333326,0.75,0.75,0.13131313131313133,0.26530612244897955,0.4482758620689655,0.0,2024-01-14 01:00:00,
0.44444444444444464,1.0,0.4444444444444442,0.9136276391554701,0.44444444444444375,1.0,0.0,0.4444444444444444,1.0,1.0,0.14141414141414144,0.2857142857142857,0.48275862068965514,0.0,2024-01-14 02:00:00,
0.5555555555555554,0.0,0.5555555555555554,0.04798464491362764,0.5555555555555554,0.0,0.5555555555555556,0.5555555555555556,0.0,0.0,0.15151515151515152,0.3061224489795918,0.5172413793103449,0.0,2024-01-14 03:00:00,
0.6666666666666661,0.25,0.6666666666666665,0.2802303262955852,0.6666666666666661,0.25,0.0,0.6666666666666667,0.25,0.25,0.16161616161616163,0.32653061224489793,0.5517241379310345,1.0,2024-01-14 04:00:00,
0.7777777777777786,0.5,0.7777777777777777,0.5163147792706335,0.7777777777777777,0.5,0.0,0.7777777777777779,0.5,0.5,0.17171717171717174,0.3469387755102041,0.5862068965517241,0.0,2024-01-14 05:00:00,
0.8888888888888893,0.75,0.8888888888888884,0.7562380038387717,0.8888888888888884,0.75,0.8888888888888888,0.8888888888888891,0.75,0.75,0.18181818181818182,0.36734693877551017,0.6206896551724138,0.0,2024-01-14 06:00:00,
1.0,1.0,0.9999999999999996,0.9999999999999998,0.9999999999999991,1.0,0.0,1.0000000000000002,1.0,1.0,0.19191919191919193,0.3877551020408163,0.6551724137931034,0.0,2024-01-14 07:00:00,
0.0,0.0,0.0,0.0,0.0,0.0,0.0,0.0,0.0,0.0,0.20202020202020204,0.4081632653061224,0.6896551724137931,1.0,2024-01-14 08:00:00,
0.11111111111111072,0.25,0.11111111111111072,0.222648752399232,0.11111111111111072,0.25,0.6666666666666666,0.11111111111111116,0.25,0.25,0.21212121212121213,0.42857142857142855,0.7241379310344828,0.0,2024-01-14 09:00:00,
0.22222222222222143,0.5,0.22222222222222188,0.44913627639155473,0.22222222222222143,0.5,0.0,0.22222222222222232,0.5,0.5,0.22222222222222224,0.44897959183673464,0.7586206896551724,0.0,2024-01-14 10:00:00,
0.3333333333333339,0.75,0.33333333333333304,0.6794625719769674,0.33333333333333304,0.75,0.0,0.33333333333333326,0.75,0.75,0.23232323232323235,0.4693877551020408,0.7931034482758621,0.0,2024-01-14 11:00:00,
0.44444444444444464,1.0,0.4444444444444442,0.9136276391554701,0.44444444444444375,1.0,1.0,0.4444444444444444,1.0,1.0,0.24242424242424243,0.4897959183673469,0.8275862068965517,1.0,2024-01-14 12:00:00,
0.5555555555555554,0.0,0.5555555555555554,0.04798464491362764,0.5555555555555554,0.0,0.0,0.5555555555555556,0.0,0.0,0.25252525252525254,0.5102040816326531,0.8620689655172413,0.0,2024-01-14 13:00:00,
0.6666666666666661,0.25,0.6666666666666665,0.2802303262955852,0.6666666666666661,0.25,0.0,0.6666666666666667,0.25,0.25,0.26262626262626265,0.5306122448979591,0.896551724137931,0.0,2024-01-14 14:00:00,
0.7777777777777786,0.5,0.7777777777777777,0.5163147792706335,0.7777777777777777,0.5,0.7777777777777777,0.7777777777777779,0.5,0.5,0.27272727272727276,0.5510204081632653,0.9310344827586207,0.0,2024-01-14 15:00:00,
0.8888888888888893,0.75,0.8888888888888884,0.7562380038387717,0.8888888888888884,0.75,0.0,0.8888888888888891,0.75,0.75,0.2828282828282829,0.5714285714285714,0.9655172413793103,1.0,2024-01-14 16:00:00,
1.0,1.0,0.9999999999999996,0.9999999999999998,0.9999999999999991,1.0,0.0,1.0000000000000002,1.0,1.0,0.29292929292929293,0.5918367346938775,1.0,0.0,2024-01-14 17:00:00,
0.0,0.0,0.0,0.0,0.0,0.0,0.5555555555555556,0.0,0.0,0.0,0.30303030303030304,0.6122448979591836,0.0,0.0,2024-01-14 18:00:00,
0.11111111111111072,0.25,0.11111111111111072,0.222648752399232,0.11111111111111072,0.25,0.0,0.11111111111111116,0.25,0.25,0.31313131313131315,0.6326530612244897,0.034482758620689655,0.0,2024-01-14 19:00:00,
0.22222222222222143,0.5,0.22222222222222188,0.44913627639155473,0.22222222222222143,0.5,0.0,0.22222222222222232,0.5,0.5,0.32323232323232326,0.6530612244897959,0.06896551724137931,1.0,2024-01-14 20:00:00,
0.3333333333333339,0.75,0.33333333333333304,0.6794625719769674,0.33333333333333304,0.75,0.8888888888888888,0.33333333333333326,0.75,0.75,0.33333333333333337,0.673469387755102,0.10344827586206896,0.0,2024-01-14 21:00:00,
0.44444444444444464,1.0,0.4444444444444442,0.9136276391554701,0.44444444444444375,1.0,0.0,0.4444444444444444,1.0,1.0,0.3434343434343435,0.6938775510204082,0.13793103448275862,0.0,2024-01-14 22:00:00,
0.5555555555555554,0.0,0.5555555555555554,0.04798464491362764,0.5555555555555554,0.0,0.0,0.5555555555555556,0.0,0.0,0.3535353535353536,0.7142857142857142,0.1724137931034483,0.0,2024-01-14 23:00:00,
0.6666666666666661,0.25,0.6666666666666665,0.2802303262955852,0.6666666666666661,0.25,0.6666666666666666,0.6666666666666667,0.25,0.25,0.36363636363636365,0.7346938775510203,0.20689655172413793,1.0,2024-01-15 00:00:00,
0.7777777777777786,0.5,0.7777777777777777,0.5163147792706335,0.7777777777777777,0.5,0.0,0.7777777777777779,0.5,0.5,0.37373737373737376,0.7551020408163265,0.24137931034482757,0.0,2024-01-15 01:00:00,
0.8888888888888893,0.75,0.8888888888888884,0.7562380038387717,0.8888888888888884,0.75,0.0,0.8888888888888891,0.75,0.75,0.38383838383838387,0.7755102040816326,0.27586206896551724,0.0,2024-01-15 02:00:00,
1.0,1.0,0.9999999999999996,0.9999999999999998,0.9999999999999991,1.0,1.0,1.0000000000000002,1.0,1.0,0.393939393939394,0.7959183673469387,0.3103448275862069,0.0,2024-01-15 03:00:00,
0.0,0.0,0.0,0.0,0.0,0.0,0.0,0.0,0.0,0.0,0.4040404040404041,0.8163265306122448,0.3448275862068966,1.0,2024-01-15 04:00:00,
0.11111111111111072,0.25,0.11111111111111072,0.222648752399232,0.11111111111111072,0.25,0.0,0.11111111111111116,0.25,0.25,0.4141414141414142,0.836734693877551,0.3793103448275862,0.0,2024-01-15 05:00:00,
0.22222222222222143,0.5,0.22222222222222188,0.44913627639155473,0.22222222222222143,0.5,0.7777777777777777,0.22222222222222232,0.5,0.5,0.42424242424242425,0.8571428571428571,0.41379310344827586,0.0,2024-01-15 06:00:00,
0.3333333333333339,0.75,0.33333333333333304,0.6794625719769674,0.33333333333333304,0.75,0.0,0.33333333333333326,0.75,0.75,0.43434343434343436,0.8775510204081632,0.4482758620689655,0.0,2024-01-15 07:00:00,
0.44444444444444464,1.0,0.4444444444444442,0.9136276391554701,0.44444444444444375,1.0,0.0,0.4444444444444444,1.0,1.0,0.4444444444444445,0.8979591836734693,0.48275862068965514,1.0,2024-01-15 08:00:00,
0.5555555555555554,0.0,0.5555555555555554,0.04798464491362764,0.5555555555555554,0.0,0.5555555555555556,0.5555555555555556,0.0,0.0,0.4545454545454546,0.9183673469387754,0.5172413793103449,0.0,2024-01-15 09:00:00,
0.6666666666666661,0.25,0.6666666666666665,0.2802303262955852,0.6666666666666661,0.25,0.0,0.6666666666666667,0.25,0.25,0.4646464646464647,0.9387755102040816,0.5517241379310345,0.0,2024-01-15 10:00:00,
0.7777777777777786,0.5,0.7777777777777777,0.5163147792706335,0.7777777777777777,0.5,0.0,0.7777777777777779,0.5,0.5,0.4747474747474748,0.9591836734693877,0.5862068965517241,0.0,2024-01-15 11:00:00,
0.8888888888888893,0.75,0.8888888888888884,0.7562380038387717,0.8888888888888884,0.75,0.8888888888888888,0.8888888888888891,0.75,0.75,0.48484848484848486,0.9795918367346939,0.6206896551724138,1.0,2024-01-15 12:00:00,
1.0,1.0,0.9999999999999996,0.9999999999999998,0.9999999999999991,1.0,0.0,1.0000000000000002,1.0,1.0,0.494949494949495,0.9999999999999999,0.6551724137931034,0.0,2024-01-15 13:00:00,
0.0,0.0,0.0,0.0,0.0,0.0,0.0,0.0,0.0,0.0,0.5050505050505051,0.0,0.6896551724137931,0.0,2024-01-15 14:00:00,
0.11111111111111072,0.25,0.11111111111111072,0.222648752399232,0.11111111111111072,0.25,0.6666666666666666,0.11111111111111116,0.25,0.25,0.5151515151515152,0.02040816326530612,0.7241379310344828,0.0,2024-01-15 15:00:00,
0.22222222222222143,0.5,0.22222222222222188,0.44913627639155473,0.22222222222222143,0.5,0.0,0.22222222222222232,0.5,0.5,0.5252525252525253,0.04081632653061224,0.7586206896551724,1.0,2024-01-15 16:00:00,
0.3333333333333339,0.75,0.33333333333333304,0.6794625719769674,0.33333333333333304,0.75,0.0,0.33333333333333326,0.75,0.75,0.5353535353535354,0.061224489795918366,0.7931034482758621,0.0,2024-01-15 17:00:00,
0.44444444444444464,1.0,0.4444444444444442,0.9136276391554701,0.44444444444444375,1.0,1.0,0.4444444444444444,1.0,1.0,0.5454545454545455,0.08163265306122448,0.8275862068965517,0.0,2024-01-15 18:00:00,
0.5555555555555554,0.0,0.5555555555555554,0.04798464491362764,0.5555555555555554,0.0,0.0,0.5555555555555556,0.0,0.0,0.5555555555555556,0.1020408163265306,0.8620689655172413,0.0,2024-01-15 19:00:00,
0.6666666666666661,0.25,0.6666666666666665,0.2802303262955852,0.6666666666666661,0.25,0.0,0.6666666666666667,0.25,0.25,0.5656565656565657,0.12244897959183673,0.896551724137931,1.0,2024-01-15 20:00:00,
0.7777777777777786,0.5,0.7777777777777777,0.5163147792706335,0.7777777777777777,0.5,0.7777777777777777,0.7777777777777779,0.5,0.5,0.5757575757575758,0.14285714285714285,0.9310344827586207,0.0,2024-01-15 21:00:00,
0.8888888888888893,0.75,0.8888888888888884,0.7562380038387717,0.8888888888888884,0.75,0.0,0.8888888888888891,0.75,0.75,0.5858585858585859,0.16326530612244897,0.9655172413793103,0.0,2024-01-15 22:00:00,
1.0,1.0,0.9999999999999996,0.9999999999999998,0.9999999999999991,1.0,0.0,1.0000000000000002,1.0,1.0,0.595959595959596,0.18367346938775508,1.0,0.0,2024-01-15 23:00:00,
0.0,0.0,0.0,0.0,0.0,0.0,0.5555555555555556,0.0,0.0,0.0,0.6060606060606061,0.2040816326530612,0.0,1.0,2024-01-16 00:00:00,
0.11111111111111072,0.25,0.11111111111111072,0.222648752399232,0.11111111111111072,0.25,0.0,0.11111111111111116,0.25,0.25,0.6161616161616162,0.22448979591836732,0.034482758620689655,0.0,2024-01-16 01:00:00,
0.22222222222222143,0.5,0.22222222222222188,0.44913627639155473,0.22222222222222143,0.5,0.0,0.22222222222222232,0.5,0.5,0.6262626262626263,0.24489795918367346,0.06896551724137931,0.0,2024-01-16 02:00:00,
0.3333333333333339,0.75,0.33333333333333304,0.6794625719769674,0.33333333333333304,0.75,0.8888888888888888,0.33333333333333326,0.75,0.75,0.6363636363636365,0.26530612244897955,0.10344827586206896,0.0,2024-01-16 03:00:00,
0.44444444444444464,1.0,0.4444444444444442,0.9136276391554701,0.44444444444444375,1.0,0.0,0.4444444444444444,1.0,1.0,0.6464646464646465,0.2857142857142857,0.13793103448275862,1.0,2024-01-16 04:00:00,
0.5555555555555554,0.0,0.5555555555555554,0.04798464491362764,0.5555555555555554,0.0,0.0,0.5555555555555556,0.0,0.0,0.6565656565656566,0.3061224489795918,0.1724137931034483,0.0,2024-01-16 05:00:00,
0.6666666666666661,0.25,0.6666666666666665,0.2802303262955852,0.6666666666666661,0.25,0.6666666666666666,0.6666666666666667,0.25,0.25,0.6666666666666667,0.32653061224489793,0.20689655172413793,0.0,2024-01-16 06:00:00,
0.7777777777777786,0.5,0.7777777777777777,0.5163147792706335,0.7777777777777777,0.5,0.0,0.7777777777777779,0.5,0.5,0.6767676767676768,0.3469387755102041,0.24137931034482757,0.0,2024-01-16 07:00:00,
0.8888888888888893,0.75,0.8888888888888884,0.7562380038387717,0.8888888888888884,0.75,0.0,0.8888888888888891,0.75,0.75,0.686868686868687,0.36734693877551017,0.27586206896551724,1.0,2024-01-16 08:00:00,
1.0,1.0,0.9999999999999996,0.9999999999999998,0.9999999999999991,1.0,1.0,1.0000000000000002,1.0,1.0,0.696969696969697,0.3877551020408163,0.3103448275862069,0.0,2024-01-16 09:00:00,
0.0,0.0,0.0,0.0,0.0,0.0,0.0,0.0,0.0,0.0,0.7070707070707072,0.4081632653061224,0.3448275862068966,0.0,2024-01-16 10:00:00,
0.11111111111111072,0.25,0.11111111111111072,0.222648752399232,0.11111111111111072,0.25,0.0,0.11111111111111116,0.25,0.25,0.7171717171717172,0.42857142857142855,0.3793103448275862,0.0,2024-01-16 11:00:00,
0.22222222222222143,0.5,0.22222222222222188,0.44913627639155473,0.22222222222222143,0.5,0.7777777777777777,0.22222222222222232,0.5,0.5,0.7272727272727273,0.44897959183673464,0.41379310344827586,1.0,2024-01-16 12:00:00,
0.3333333333333339,0.75,0.33333333333333304,0.6794625719769674,0.33333333333333304,0.75,0.0,0.33333333333333326,0.75,0.75,0.7373737373737375,0.4693877551020408,0.4482758620689655,0.0,2024-01-16 13:00:00,
0.44444444444444464,1.0,0.4444444444444442,0.9136276391554701,0.44444444444444375,1.0,0.0,0.4444444444444444,1.0,1.0,0.7474747474747475,0.4897959183673469,0.48275862068965514,0.0,2024-01-16 14:00:00,
0.5555555555555554,0.0,0.5555555555555554,0.04798464491362764,0.5555555555555554,0.0,0.5555555555555556,0.5555555555555556,0.0,0.0,0.7575757575757577,0.5102040816326531,0.5172413793103449,0.0,2024-01-16 15:00:00,
0.6666666666666661,0.25,0.6666666666666665,0.2802303262955852,0.6666666666666661,0.25,0.0,0.6666666666666667,0.25,0.25,0.7676767676767677,0.5306122448979591,0.5517241379310345,1.0,2024-01-16 16:00:00,
0.7777777777777786,0.5,0.7777777777777777,0.5163147792706335,0.7777777777777777,0.5,0.0,0.7777777777777779,0.5,0.5,0.7777777777777778,0.5510204081632653,0.5862068965517241,0.0,2024-01-16 17:00:00,
0.8888888888888893,0.75,0.8888888888888884,0.7562380038387717,0.8888888888888884,0.75,0.8888888888888888,0.8888888888888891,0.75,0.75,0.787878787878788,0.5714285714285714,0.6206896551724138,0.0,2024-01-16 18:00:00,
1.0,1.0,0.9999999999999996,0.9999999999999998,0.9999999999999991,1.0,0.0,1.0000000000000002,1.0,1.0,0.797979797979798,0.5918367346938775,0.6551724137931034,0.0,2024-01-16 19:00:00,
0.0,0.0,0.0,0.0,0.0,0.0,0.0,0.0,0.0,0.0,0.8080808080808082,0.6122448979591836,0.6896551724137931,1.0,2024-01-16 20:00:00,
0.11111111111111072,0.25,0.11111111111111072,0.222648752399232,0.11111111111111072,0.25,0.6666666666666666,0.11111111111111116,0.25,0.25,0.8181818181818182,0.6326530612244897,0.7241379310344828,0.0,2024-01-16 21:00:00,
0.22222222222222143,0.5,0.22222222222222188,0.44913627639155473,0.22222222222222143,0.5,0.0,0.22222222222222232,0.5,0.5,0.8282828282828284,0.6530612244897959,0.7586206896551724,0.0,2024-01-16 22:00:00,
0.3333333333333339,0.75,0.33333333333333304,0.6794625719769674,0.33333333333333304,0.75,0.0,0.33333333333333326,0.75,0.75,0.8383838383838385,0.673469387755102,0.7931034482758621,0.0,2024-01-16 23:00:00,
0.44444444444444464,1.0,0.4444444444444442,0.9136276391554701,0.44444444444444375,1.0,1.0,0.4444444444444444,1.0,1.0,0.8484848484848485,0.6938775510204082,0.8275862068965517,1.0,2024-01-17 00:00:00,
0.5555555555555554,0.0,0.5555555555555554,0.04798464491362764,0.5555555555555554,0.0,0.0,0.5555555555555556,0.0,0.0,0.8585858585858587,0.7142857142857142,0.8620689655172413,0.0,2024-01-17 01:00:00,
0.6666666666666661,0.25,0.6666666666666665,0.2802303262955852,0.6666666666666661,0.25,0.0,0.6666666666666667,0.25,0.25,0.8686868686868687,0.7346938775510203,0.896551724137931,0.0,2024-01-17 02:00:00,
0.7777777777777786,0.5,0.7777777777777777,0.5163147792706335,0.7777777777777777,0.5,0.7777777777777777,0.7777777777777779,0.5,0.5,0.8787878787878789,0.7551020408163265,0.9310344827586207,0.0,2024-01-17 03:00:00,
0.8888888888888893,0.75,0.8888888888888884,0.7562380038387717,0.8888888888888884,0.75,0.0,0.8888888888888891,0.75,0.75,0.888888888888889,0.7755102040816326,0.9655172413793103,1.0,2024-01-17 04:00:00,
1.0,1.0,0.9999999999999996,0.9999999999999998,0.9999999999999991,1.0,0.0,1.0000000000000002,1.0,1.0,0.8989898989898991,0.7959183673469387,1.0,0.0,2024-01-17 05:00:00,
0.0,0.0,0.0,0.0,0.0,0.0,0.5555555555555556,0.0,0.0,0.0,0.9090909090909092,0.8163265306122448,0.0,0.0,2024-01-17 06:00:00,
0.11111111111111072,0.25,0.11111111111111072,0.222648752399232,0.11111111111111072,0.25,0.0,0.11111111111111116,0.25,0.25,0.9191919191919192,0.836734693877551,0.034482758620689655,0.0,2024-01-17 07:00:00,
0.22222222222222143,0.5,0.22222222222222188,0.44913627639155473,0.22222222222222143,0.5,0.0,0.22222222222222232,0.5,0.5,0.9292929292929294,0.8571428571428571,0.06896551724137931,1.0,2024-01-17 08:00:00,
0.3333333333333339,0.75,0.33333333333333304,0.6794625719769674,0.33333333333333304,0.75,0.8888888888888888,0.33333333333333326,0.75,0.75,0.9393939393939394,0.8775510204081632,0.10344827586206896,0.0,2024-01-17 09:00:00,
0.44444444444444464,1.0,0.4444444444444442,0.9136276391554701,0.44444444444444375,1.0,0.0,0.4444444444444444,1.0,1.0,0.9494949494949496,0.8979591836734693,0.13793103448275862,0.0,2024-01-17 10:00:00,
0.5555555555555554,0.0,0.5555555555555554,0.04798464491362764,0.5555555555555554,0.0,0.0,0.5555555555555556,0.0,0.0,0.9595959595959597,0.9183673469387754,0.1724137931034483,0.0,2024-01-17 11:00:00,
0.6666666666666661,0.25,0.6666666666666665,0.2802303262955852,0.6666666666666661,0.25,0.6666666666666666,0.6666666666666667,0.25,0.25,0.9696969696969697,0.9387755102040816,0.20689655172413793,1.0,2024-01-17 12:00:00,
0.7777777777777786,0.5,0.7777777777777777,0.5163147792706335,0.7777777777777777,0.5,0.0,0.7777777777777779,0.5,0.5,0.9797979797979799,0.9591836734693877,0.24137931034482757,0.0,2024-01-17 13:00:00,
0.8888888888888893,0.75,0.8888888888888884,0.7562380038387717,0.8888888888888884,0.75,0.0,0.8888888888888891,0.75,0.75,0.98989898989899,0.9795918367346939,0.27586206896551724,0.0,2024-01-17 14:00:00,
1.0,1.0,0.9999999999999996,0.9999999999999998,0.9999999999999991,1.0,1.0,1.0000000000000002,1.0,1.0,1.0,0.9999999999999999,0.3103448275862069,0.0,2024-01-17 15:00:00,
0.0,0.0,0.0,0.0,0.0,0.0,0.0,0.0,0.0,0.0,0.0,0.0,0.3448275862068966,1.0,2024-01-17 16:00:00,
0.11111111111111072,0.25,0.11111111111111072,0.222648752399232,0.11111111111111072,0.25,0.0,0.11111111111111116,0.25,0.25,0.010101010101010102,0.02040816326530612,0.3793103448275862,0.0,2024-01-17 17:00:00,
0.22222222222222143,0.5,0.22222222222222188,0.44913627639155473,0.22222222222222143,0.5,0.7777777777777777,0.22222222222222232,0.5,0.5,0.020202020202020204,0.04081632653061224,0.41379310344827586,0.0,2024-01-17 18:00:00,
0.3333333333333339,0.75,0.33333333333333304,0.6794625719769674,0.33333333333333304,0.75,0.0,0.33333333333333326,0.75,0.75,0.030303030303030304,0.061224489795918366,0.4482758620689655,0.0,2024-01-17 19:00:00,
0.44444444444444464,1.0,0.4444444444444442,0.9136276391554701,0.44444444444444375,1.0,0.0,0.4444444444444444,1.0,1.0,0.04040404040404041,0.08163265306122448,0.48275862068965514,1.0,2024-01-17 20:00:00,
0.5555555555555554,0.0,0.5555555555555554,0.04798464491362764,0.5555555555555554,0.0,0.5555555555555556,0.5555555555555556,0.0,0.0,0.05050505050505051,0.1020408163265306,0.5172413793103449,0.0,2024-01-17 21:00:00,
0.6666666666666661,0.25,0.6666666666666665,0.2802303262955852,0.6666666666666661,0.25,0.0,0.6666666666666667,0.25,0.25,0.06060606060606061,0.12244897959183673,0.5517241379310345,0.0,2024-01-17 22:00:00,
0.7777777777777786,0.5,0.7777777777777777,0.5163147792706335,0.7777777777777777,0.5,0.0,0.7777777777777779,0.5,0.5,0.07070707070707072,0.14285714285714285,0.5862068965517241,0.0,2024-01-17 23:00:00,
0.8888888888888893,0.75,0.8888888888888884,0.7562380038387717,0.8888888888888884,0.75,0.8888888888888888,0.8888888888888891,0.75,0.75,0.08080808080808081,0.16326530612244897,0.6206896551724138,1.0,2024-01-18 00:00:00,
1.0,1.0,0.9999999999999996,0.9999999999999998,0.9999999999999991,1.0,0.0,1.0000000000000002,1.0,1.0,0.09090909090909091,0.18367346938775508,0.6551724137931034,0.0,2024-01-18 01:00:00,
0.0,0.0,0.0,0.0,0.0,0.0,0.0,0.0,0.0,0.0,0.10101010101010102,0.2040816326530612,0.6896551724137931,0.0,2024-01-18 02:00:00,
0.11111111111111072,0.25,0.11111111111111072,0.222648752399232,0.11111111111111072,0.25,0.6666666666666666,0.11111111111111116,0.25,0.25,0.11111111111111112,0.22448979591836732,0.7241379310344828,0.0,2024-01-18 03:00:00,
0.22222222222222143,0.5,0.22222222222222188,0.44913627639155473,0.22222222222222143,0.5,0.0,0.22222222222222232,0.5,0.5,0.12121212121212122,0.24489795918367346,0.7586206896551724,1.0,2024-01-18 04:00:00,
0.3333333333333339,0.75,0.33333333333333304,0.6794625719769674,0.33333333333333304,0.75,0.0,0.33333333333333326,0.75,0.75,0.13131313131313133,0.26530612244897955,0.7931034482758621,0.0,2024-01-18 05:00:00,
0.44444444444444464,1.0,0.4444444444444442,0.9136276391554701,0.44444444444444375,1.0,1.0,0.4444444444444444,1.0,1.0,0.14141414141414144,0.2857142857142857,0.8275862068965517,0.0,2024-01-18 06:00:00,
0.5555555555555554,0.0,0.5555555555555554,0.04798464491362764,0.5555555555555554,0.0,0.0,0.5555555555555556,0.0,0.0,0.15151515151515152,0.3061224489795918,0.8620689655172413,0.0,2024-01-18 07:00:00,
0.6666666666666661,0.25,0.6666666666666665,0.2802303262955852,0.6666666666666661,0.25,0.0,0.6666666666666667,0.25,0.25,0.16161616161616163,0.32653061224489793,0.896551724137931,1.0,2024-01-18 08:00:00,
0.7777777777777786,0.5,0.7777777777777777,0.5163147792706335,0.7777777777777777,0.5,0.7777777777777777,0.7777777777777779,0.5,0.5,0.17171717171717174,0.3469387755102041,0.9310344827586207,0.0,2024-01-18 09:00:00,
0.8888888888888893,0.75,0.8888888888888884,0.7562380038387717,0.8888888888888884,0.75,0.0,0.8888888888888891,0.75,0.75,0.18181818181818182,0.36734693877551017,0.9655172413793103,0.0,2024-01-18 10:00:00,
1.0,1.0,0.9999999999999996,0.9999999999999998,0.9999999999999991,1.0,0.0,1.0000000000000002,1.0,1.0,0.19191919191919193,0.3877551020408163,1.0,0.0,2024-01-18 11:00:00,
0.0,0.0,0.0,0.0,0.0,0.0,0.5555555555555556,0.0,0.0,0.0,0.20202020202020204,0.4081632653061224,0.0,1.0,2024-01-18 12:00:00,
0.11111111111111072,0.25,0.11111111111111072,0.222648752399232,0.11111111111111072,0.25,0.0,0.11111111111111116,0.25,0.25,0.21212121212121213,0.42857142857142855,0.034482758620689655,0.0,2024-01-18 13:00:00,
0.22222222222222143,0.5,0.22222222222222188,0.44913627639155473,0.22222222222222143,0.5,0.0,0.22222222222222232,0.5,0.5,0.22222222222222224,0.44897959183673464,0.06896551724137931,0.0,2024-01-18 14:00:00,
0.3333333333333339,0.75,0.33333333333333304,0.6794625719769674,0.33333333333333304,0.75,0.8888888888888888,0.33333333333333326,0.75,0.75,0.23232323232323235,0.4693877551020408,0.10344827586206896,0.0,2024-01-18 15:00:00,
0.44444444444444464,1.0,0.4444444444444442,0.9136276391554701,0.44444444444444375,1.0,0.0,0.4444444444444444,1.0,1.0,0.24242424242424243,0.4897959183673469,0.13793103448275862,1.0,2024-01-18 16:00:00,
0.5555555555555554,0.0,0.5555555555555554,0.04798464491362764,0.5555555555555554,0.0,0.0,0.5555555555555556,0.0,0.0,0.25252525252525254,0.5102040816326531,0.1724137931034483,0.0,2024-01-18 17:00:00,
0.6666666666666661,0.25,0.6666666666666665,0.2802303262955852,0.6666666666666661,0.25,0.6666666666666666,0.6666666666666667,0.25,0.25,0.26262626262626265,0.5306122448979591,0.20689655172413793,0.0,2024-01-18 18:00:00,
0.7777777777777786,0.5,0.7777777777777777,0.5163147792706335,0.7777777777777777,0.5,0.0,0.7777777777777779,0.5,0.5,0.27272727272727276,0.5510204081632653,0.24137931034482757,0.0,2024-01-18 19:00:00,
0.8888888888888893,0.75,0.8888888888888884,0.7562380038387717,0.8888888888888884,0.75,0.0,0.8888888888888891,0.75,0.75,0.2828282828282829,0.5714285714285714,0.27586206896551724,1.0,2024-01-18 20:00:00,
1.0,1.0,0.9999999999999996,0.9999999999999998,0.9999999999999991,1.0,1.0,1.0000000000000002,1.0,1.0,0.29292929292929293,0.5918367346938775,0.3103448275862069,0.0,2024-01-18 21:00:00,
0.0,0.0,0.0,0.0,0.0,0.0,0.0,0.0,0.0,0.0,0.30303030303030304,0.6122448979591836,0.3448275862068966,0.0,2024-01-18 22:00:00,
0.11111111111111072,0.25,0.11111111111111072,0.222648752399232,0.11111111111111072,0.25,0.0,0.11111111111111116,0.25,0.25,0.31313131313131315,0.6326530612244897,0.3793103448275862,0.0,2024-01-18 23:00:00,
0.22222222222222143,0.5,0.22222222222222188,0.44913627639155473,0.22222222222222143,0.5,0.7777777777777777,0.22222222222222232,0.5,0.5,0.32323232323232326,0.6530612244897959,0.41379310344827586,1.0,2024-01-19 00:00:00,
0.3333333333333339,0.75,0.33333333333333304,0.6794625719769674,0.33333333333333304,0.75,0.0,0.33333333333333326,0.75,0.75,0.33333333333333337,0.673469387755102,0.4482758620689655,0.0,2024-01-19 01:00:00,
0.44444444444444464,1.0,0.4444444444444442,0.9136276391554701,0.44444444444444375,1.0,0.0,0.4444444444444444,1.0,1.0,0.3434343434343435,0.6938775510204082,0.48275862068965514,0.0,2024-01-19 02:00:00,
0.5555555555555554,0.0,0.5555555555555554,0.04798464491362764,0.5555555555555554,0.0,0.5555555555555556,0.5555555555555556,0.0,0.0,0.3535353535353536,0.7142857142857142,0.5172413793103449,0.0,2024-01-19 03:00:00,
0.6666666666666661,0.25,0.6666666666666665,0.2802303262955852,0.6666666666666661,0.25,0.0,0.6666666666666667,0.25,0.25,0.36363636363636365,0.7346938775510203,0.5517241379310345,1.0,2024-01-19 04:00:00,
0.7777777777777786,0.5,0.7777777777777777,0.5163147792706335,0.7777777777777777,0.5,0.0,0.7777777777777779,0.5,0.5,0.37373737373737376,0.7551020408163265,0.5862068965517241,0.0,2024-01-19 05:00:00,
0.8888888888888893,0.75,0.8888888888888884,0.7562380038387717,0.8888888888888884,0.75,0.8888888888888888,0.8888888888888891,0.75,0.75,0.38383838383838387,0.7755102040816326,0.6206896551724138,0.0,2024-01-19 06:00:00,
1.0,1.0,0.9999999999999996,0.9999999999999998,0.9999999999999991,1.0,0.0,1.0000000000000002,1.0,1.0,0.393939393939394,0.7959183673469387,0.6551724137931034,0.0,2024-01-19 07:00:00,
0.0,0.0,0.0,0.0,0.0,0.0,0.0,0.0,0.0,0.0,0.4040404040404041,0.8163265306122448,0.6896551724137931,1.0,2024-01-19 08:00:00,
0.11111111111111072,0.25,0.11111111111111072,0.222648752399232,0.11111111111111072,0.25,0.6666666666666666,0.11111111111111116,0.25,0.25,0.4141414141414142,0.836734693877551,0.7241379310344828,0.0,2024-01-19 09:00:00,
0.22222222222222143,0.5,0.22222222222222188,0.44913627639155473,0.22222222222222143,0.5,0.0,0.22222222222222232,0.5,0.5,0.42424242424242425,0.8571428571428571,0.7586206896551724,0.0,2024-01-19 10:00:00,
0.3333333333333339,0.75,0.33333333333333304,0.6794625719769674,0.33333333333333304,0.75,0.0,0.33333333333333326,0.75,0.75,0.43434343434343436,0.8775510204081632,0.7931034482758621,0.0,2024-01-19 11:00:00,
0.44444444444444464,1.0,0.4444444444444442,0.9136276391554701,0.44444444444444375,1.0,1.0,0.4444444444444444,1.0,1.0,0.4444444444444445,0.8979591836734693,0.8275862068965517,1.0,2024-01-19 12:00:00,
0.5555555555555554,0.0,0.5555555555555554,0.04798464491362764,0.5555555555555554,0.0,0.0,0.5555555555555556,0.0,0.0,0.4545454545454546,0.9183673469387754,0.8620689655172413,0.0,2024-01-19 13:00:00,
0.6666666666666661,0.25,0.6666666666666665,0.2802303262955852,0.6666666666666661,0.25,0.0,0.6666666666666667,0.25,0.25,0.4646464646464647,0.9387755102040816,0.896551724137931,0.0,2024-01-19 14:00:00,
0.7777777777777786,0.5,0.7777777777777777,0.5163147792706335,0.7777777777777777,0.5,0.7777777777777777,0.7777777777777779,0.5,0.5,0.4747474747474748,0.9591836734693877,0.9310344827586207,0.0,2024-01-19 15:00:00,
0.8888888888888893,0.75,0.8888888888888884,0.7562380038387717,0.8888888888888884,0.75,0.0,0.8888888888888891,0.75,0.75,0.48484848484848486,0.9795918367346939,0.9655172413793103,1.0,2024-01-19 16:00:00,
1.0,1.0,0.9999999999999996,0.9999999999999998,0.9999999999999991,1.0,0.0,1.0000000000000002,1.0,1.0,0.494949494949495,0.9999999999999999,1.0,0.0,2024-01-19 17:00:00,
0.0,0.0,0.0,0.0,0.0,0.0,0.5555555555555556,0.0,0.0,0.0,0.5050505050505051,0.0,0.0,0.0,2024-01-19 18:00:00,
0.11111111111111072,0.25,0.11111111111111072,0.222648752399232,0.11111111111111072,0.25,0.0,0.11111111111111116,0.25,0.25,0.5151515151515152,0.02040816326530612,0.034482758620689655,0.0,2024-01-19 19:00:00,
0.22222222222222143,0.5,0.22222222222222188,0.44913627639155473,0.22222222222222143,0.5,0.0,0.22222222222222232,0.5,0.5,0.5252525252525253,0.04081632653061224,0.06896551724137931,1.0,2024-01-19 20:00:00,
0.3333333333333339,0.75,0.33333333333333304,0.6794625719769674,0.33333333333333304,0.75,0.8888888888888888,0.33333333333333326,0.75,0.75,0.5353535353535354,0.061224489795918366,0.10344827586206896,0.0,2024-01-19 21:00:00,
0.44444444444444464,1.0,0.4444444444444442,0.9136276391554701,0.44444444444444375,1.0,0.0,0.4444444444444444,1.0,1.0,0.5454545454545455,0.08163265306122448,0.13793103448275862,0.0,2024-01-19 22:00:00,
0.5555555555555554,0.0,0.5555555555555554,0.04798464491362764,0.5555555555555554,0.0,0.0,0.5555555555555556,0.0,0.0,0.5555555555555556,0.1020408163265306,0.1724137931034483,0.0,2024-01-19 23:00:00,
0.6666666666666661,0.25,0.6666666666666665,0.2802303262955852,0.6666666666666661,0.25,0.6666666666666666,0.6666666666666667,0.25,0.25,0.5656565656565657,0.12244897959183673,0.20689655172413793,1.0,2024-01-20 00:00:00,
0.7777777777777786,0.5,0.7777777777777777,0.5163147792706335,0.7777777777777777,0.5,0.0,0.7777777777777779,0.5,0.5,0.5757575757575758,0.14285714285714285,0.24137931034482757,0.0,2024-01-20 01:00:00,
0.8888888888888893,0.75,0.8888888888888884,0.7562380038387717,0.8888888888888884,0.75,0.0,0.8888888888888891,0.75,0.75,0.5858585858585859,0.16326530612244897,0.27586206896551724,0.0,2024-01-20 02:00:00,
1.0,1.0,0.9999999999999996,0.9999999999999998,0.9999999999999991,1.0,1.0,1.0000000000000002,1.0,1.0,0.595959595959596,0.18367346938775508,0.3103448275862069,0.0,2024-01-20 03:00:00,
0.0,0.0,0.0,0.0,0.0,0.0,0.0,0.0,0.0,0.0,0.6060606060606061,0.2040816326530612,0.3448275862068966,1.0,2024-01-20 04:00:00,
0.11111111111111072,0.25,0.11111111111111072,0.222648752399232,0.11111111111111072,0.25,0.0,0.11111111111111116,0.25,0.25,0.6161616161616162,0.22448979591836732,0.3793103448275862,0.0,2024-01-20 05:00:00,
0.22222222222222143,0.5,0.22222222222222188,0.44913627639155473,0.22222222222222143,0.5,0.7777777777777777,0.22222222222222232,0.5,0.5,0.6262626262626263,0.24489795918367346,0.41379310344827586,0.0,2024-01-20 06:00:00,
0.3333333333333339,0.75,0.33333333333333304,0.6794625719769674,0.33333333333333304,0.75,0.0,0.33333333333333326,0.75,0.75,0.6363636363636365,0.26530612244897955,0.4482758620689655,0.0,2024-01-20 07:00:00,
0.44444444444444464,1.0,0.4444444444444442,0.9136276391554701,0.44444444444444375,1.0,0.0,0.4444444444444444,1.0,1.0,0.6464646464646465,0.2857142857142857,0.48275862068965514,1.0,2024-01-20 08:00:00,
0.5555555555555554,0.0,0.5555555555555554,0.04798464491362764,0.5555555555555554,0.0,0.5555555555555556,0.5555555555555556,0.0,0.0,0.6565656565656566,0.3061224489795918,0.5172413793103449,0.0,2024-01-20 09:00:00,
0.6666666666666661,0.25,0.6666666666666665,0.2802303262955852,0.6666666666666661,0.25,0.0,0.6666666666666667,0.25,0.25,0.6666666666666667,0.32653061224489793,0.5517241379310345,0.0,2024-01-20 10:00:00,
0.7777777777777786,0.5,0.7777777777777777,0.5163147792706335,0.7777777777777777,0.5,0.0,0.7777777777777779,0.5,0.5,0.6767676767676768,0.3469387755102041,0.5862068965517241,0.0,2024-01-20 11:00:00,
0.8888888888888893,0.75,0.8888888888888884,0.7562380038387717,0.8888888888888884,0.75,0.8888888888888888,0.8888888888888891,0.75,0.75,0.686868686868687,0.36734693877551017,0.6206896551724138,1.0,2024-01-20 12:00:00,
1.0,1.0,0.9999999999999996,0.9999999999999998,0.9999999999999991,1.0,0.0,1.0000000000000002,1.0,1.0,0.696969696969697,0.3877551020408163,0.6551724137931034,0.0,2024-01-20 13:00:00,
0.0,0.0,0.0,0.0,0.0,0.0,0.0,0.0,0.0,0.0,0.7070707070707072,0.4081632653061224,0.6896551724137931,0.0,2024-01-20 14:00:00,
0.11111111111111072,0.25,0.11111111111111072,0.222648752399232,0.11111111111111072,0.25,0.6666666666666666,0.11111111111111116,0.25,0.25,0.7171717171717172,0.42857142857142855,0.7241379310344828,0.0,2024-01-20 15:00:00,
0.22222222222222143,0.5,0.22222222222222188,0.44913627639155473,0.22222222222222143,0.5,0.0,0.22222222222222232,0.5,0.5,0.7272727272727273,0.44897959183673464,0.7586206896551724,1.0,2024-01-20 16:00:00,
0.3333333333333339,0.75,0.33333333333333304,0.6794625719769674,0.33333333333333304,0.75,0.0,0.33333333333333326,0.75,0.75,0.7373737373737375,0.4693877551020408,0.7931034482758621,0.0,2024-01-20 17:00:00,
0.44444444444444464,1.0,0.4444444444444442,0.9136276391554701,0.44444444444444375,1.0,1.0,0.4444444444444444,1.0,1.0,0.7474747474747475,0.4897959183673469,0.8275862068965517,0.0,2024-01-20 18:00:00,
0.5555555555555554,0.0,0.5555555555555554,0.04798464491362764,0.5555555555555554,0.0,0.0,0.5555555555555556,0.0,0.0,0.7575757575757577,0.5102040816326531,0.8620689655172413,0.0,2024-01-20 19:00:00,
0.6666666666666661,0.25,0.6666666666666665,0.2802303262955852,0.6666666666666661,0.25,0.0,0.6666666666666667,0.25,0.25,0.7676767676767677,0.5306122448979591,0.896551724137931,1.0,2024-01-20 20:00:00,
0.7777777777777786,0.5,0.7777777777777777,0.5163147792706335,0.7777777777777777,0.5,0.7777777777777777,0.7777777777777779,0.5,0.5,0.7777777777777778,0.5510204081632653,0.9310344827586207,0.0,2024-01-20 21:00:00,
0.8888888888888893,0.75,0.8888888888888884,0.7562380038387717,0.8888888888888884,0.75,0.0,0.8888888888888891,0.75,0.75,0.787878787878788,0.5714285714285714,0.9655172413793103,0.0,2024-01-20 22:00:00,
1.0,1.0,0.9999999999999996,0.9999999999999998,0.9999999999999991,1.0,0.0,1.0000000000000002,1.0,1.0,0.797979797979798,0.5918367346938775,1.0,0.0,2024-01-20 23:00:00,
0.0,0.0,0.0,0.0,0.0,0.0,0.5555555555555556,0.0,0.0,0.0,0.8080808080808082,0.6122448979591836,0.0,1.0,2024-01-21 00:00:00,
0.11111111111111072,0.25,0.11111111111111072,0.222648752399232,0.11111111111111072,0.25,0.0,0.11111111111111116,0.25,0.25,0.8181818181818182,0.6326530612244897,0.034482758620689655,0.0,2024-01-21 01:00:00,
0.22222222222222143,0.5,0.22222222222222188,0.44913627639155473,0.22222222222222143,0.5,0.0,0.22222222222222232,0.5,0.5,0.8282828282828284,0.6530612244897959,0.06896551724137931,0.0,2024-01-21 02:00:00,
0.3333333333333339,0.75,0.33333333333333304,0.6794625719769674,0.33333333333333304,0.75,0.8888888888888888,0.33333333333333326,0.75,0.75,0.8383838383838385,0.673469387755102,0.10344827586206896,0.0,2024-01-21 03:00:00,
0.44444444444444464,1.0,0.4444444444444442,0.9136276391554701,0.44444444444444375,1.0,0.0,0.4444444444444444,1.0,1.0,0.8484848484848485,0.6938775510204082,0.13793103448275862,1.0,2024-01-21 04:00:00,
0.5555555555555554,0.0,0.5555555555555554,0.04798464491362764,0.5555555555555554,0.0,0.0,0.5555555555555556,0.0,0.0,0.8585858585858587,0.7142857142857142,0.1724137931034483,0.0,2024-01-21 05:00:00,
0.6666666666666661,0.25,0.6666666666666665,0.2802303262955852,0.6666666666666661,0.25,0.6666666666666666,0.6666666666666667,0.25,0.25,0.8686868686868687,0.7346938775510203,0.20689655172413793,0.0,2024-01-21 06:00:00,
0.7777777777777786,0.5,0.7777777777777777,0.5163147792706335,0.7777777777777777,0.5,0.0,0.7777777777777779,0.5,0.5,0.8787878787878789,0.7551020408163265,0.24137931034482757,0.0,2024-01-21 07:00:00,
0.8888888888888893,0.75,0.8888888888888884,0.7562380038387717,0.8888888888888884,0.75,0.0,0.8888888888888891,0.75,0.75,0.888888888888889,0.7755102040816326,0.27586206896551724,1.0,2024-01-21 08:00:00,
1.0,1.0,0.9999999999999996,0.9999999999999998,0.9999999999999991,1.0,1.0,1.0000000000000002,1.0,1.0,0.8989898989898991,0.7959183673469387,0.3103448275862069,0.0,2024-01-21 09:00:00,
0.0,0.0,0.0,0.0,0.0,0.0,0.0,0.0,0.0,0.0,0.9090909090909092,0.8163265306122448,0.3448275862068966,0.0,2024-01-21 10:00:00,
0.11111111111111072,0.25,0.11111111111111072,0.222648752399232,0.11111111111111072,0.25,0.0,0.11111111111111116,0.25,0.25,0.9191919191919192,0.836734693877551,0.3793103448275862,0.0,2024-01-21 11:00:00,
0.22222222222222143,0.5,0.22222222222222188,0.44913627639155473,0.22222222222222143,0.5,0.7777777777777777,0.22222222222222232,0.5,0.5,0.9292929292929294,0.8571428571428571,0.41379310344827586,1.0,2024-01-21 12:00:00,
0.3333333333333339,0.75,0.33333333333333304,0.6794625719769674,0.33333333333333304,0.75,0.0,0.33333333333333326,0.75,0.75,0.9393939393939394,0.8775510204081632,0.4482758620689655,0.0,2024-01-21 13:00:00,
0.44444444444444464,1.0,0.4444444444444442,0.9136276391554701,0.44444444444444375,1.0,0.0,0.4444444444444444,1.0,1.0,0.9494949494949496,0.8979591836734693,0.48275862068965514,0.0,2024-01-21 14:00:00,
0.5555555555555554,0.0,0.5555555555555554,0.04798464491362764,0.5555555555555554,0.0,0.5555555555555556,0.5555555555555556,0.0,0.0,0.9595959595959597,0.9183673469387754,0.5172413793103449,0.0,2024-01-21 15:00:00,
0.6666666666666661,0.25,0.6666666666666665,0.2802303262955852,0.6666666666666661,0.25,0.0,0.6666666666666667,0.25,0.25,0.9696969696969697,0.9387755102040816,0.5517241379310345,1.0,2024-01-21 16:00:00,
0.7777777777777786,0.5,0.7777777777777777,0.5163147792706335,0.7777777777777777,0.5,0.0,0.7777777777777779,0.5,0.5,0.9797979797979799,0.9591836734693877,0.5862068965517241,0.0,2024-01-21 17:00:00,
0.8888888888888893,0.75,0.8888888888888884,0.7562380038387717,0.8888888888888884,0.75,0.8888888888888888,0.8888888888888891,0.75,0.75,0.98989898989899,0.9795918367346939,0.6206896551724138,0.0,2024-01-21 18:00:00,
1.0,1.0,0.9999999999999996,0.9999999999999998,0.9999999999999991,1.0,0.0,1.0000000000000002,1.0,1.0,1.0,0.9999999999999999,0.6551724137931034,0.0,2024-01-21 19:00:00,
